runID,mode,seedUsed,t,simT,wip,out,throughputPerHour,avgLead,avgTard,energy,co2,epp,cpp
287197,FLOW,1,301.0000,1.0000,472,0.00,0.0000,0.0000,0.0000,0.000000,0.000000,0.000000,0.000000
287197,FLOW,1,302.0000,2.0000,476,0.00,0.0000,0.0000,0.0000,0.000000,0.000000,0.000000,0.000000
287197,FLOW,1,303.0000,3.0000,475,0.00,0.0000,0.0000,0.0000,0.000000,0.000000,0.000000,0.000000
287197,FLOW,1,304.0000,4.0000,479,0.00,0.0000,0.0000,0.0000,0.000000,0.000000,0.000000,0.000000
287197,FLOW,1,305.0000,5.0000,479,0.00,0.0000,0.0000,0.0000,0.000000,0.000000,0.000000,0.000000
287197,FLOW,1,306.0000,6.0000,480,0.00,0.0000,0.0000,0.0000,0.000000,0.000000,0.000000,0.000000
287197,FLOW,1,307.0000,7.0000,480,0.00,0.0000,0.0000,0.0000,0.000000,0.000000,0.000000,0.000000
287197,FLOW,1,308.0000,8.0000,481,0.00,0.0000,0.0000,0.0000,0.000000,0.000000,0.000000,0.000000
287197,FLOW,1,309.0000,9.0000,481,0.00,0.0000,0.0000,0.0000,0.000000,0.000000,0.000000,0.000000
287197,FLOW,1,310.0000,10.0000,481,0.00,0.0000,0.0000,0.0000,0.000000,0.000000,0.000000,0.000000
287197,FLOW,1,311.0000,11.0000,480,0.00,0.0000,0.0000,0.0000,0.000000,0.000000,0.000000,0.000000
287197,FLOW,1,312.0000,12.0000,480,0.00,0.0000,0.0000,0.0000,0.000000,0.000000,0.000000,0.000000
287197,FLOW,1,313.0000,13.0000,480,0.00,0.0000,0.0000,0.0000,0.000000,0.000000,0.000000,0.000000
287197,FLOW,1,314.0000,14.0000,480,0.00,0.0000,0.0000,0.0000,0.000000,0.000000,0.000000,0.000000
287197,FLOW,1,315.0000,15.0000,480,0.00,0.0000,0.0000,0.0000,0.000000,0.000000,0.000000,0.000000
287197,FLOW,1,316.0000,16.0000,480,0.00,0.0000,0.0000,0.0000,0.000000,0.000000,0.000000,0.000000
287197,FLOW,1,317.0000,17.0000,479,1.00,3.5294,307.0369,0.0000,1.986225,0.595867,1.986225,0.595867
287197,FLOW,1,318.0000,18.0000,480,1.00,3.3333,307.0369,0.0000,1.986225,0.595867,1.986225,0.595867
287197,FLOW,1,319.0000,19.0000,480,1.00,3.1579,307.0369,0.0000,1.986225,0.595867,1.986225,0.595867
287197,FLOW,1,320.0000,20.0000,480,1.00,3.0000,307.0369,0.0000,1.986225,0.595867,1.986225,0.595867
287197,FLOW,1,321.0000,21.0000,479,1.00,2.8571,307.0369,0.0000,1.986225,0.595867,1.986225,0.595867
287197,FLOW,1,322.0000,22.0000,479,1.00,2.7273,307.0369,0.0000,1.986225,0.595867,1.986225,0.595867
287197,FLOW,1,323.0000,23.0000,479,1.00,2.6087,307.0369,0.0000,1.986225,0.595867,1.986225,0.595867
287197,FLOW,1,324.0000,24.0000,479,1.00,2.5000,307.0369,0.0000,1.986225,0.595867,1.986225,0.595867
287197,FLOW,1,325.0000,25.0000,479,1.00,2.4000,307.0369,0.0000,1.986225,0.595867,1.986225,0.595867
287197,FLOW,1,326.0000,26.0000,478,1.00,2.3077,307.0369,0.0000,1.986225,0.595867,1.986225,0.595867
287197,FLOW,1,327.0000,27.0000,478,1.00,2.2222,307.0369,0.0000,1.986225,0.595867,1.986225,0.595867
287197,FLOW,1,328.0000,28.0000,478,2.00,4.2857,312.0521,0.0000,3.767734,1.130320,1.883867,0.565160
287197,FLOW,1,329.0000,29.0000,478,2.00,4.1379,312.0521,0.0000,3.767734,1.130320,1.883867,0.565160
287197,FLOW,1,330.0000,30.0000,478,2.00,4.0000,312.0521,0.0000,3.767734,1.130320,1.883867,0.565160
287197,FLOW,1,331.0000,31.0000,478,2.00,3.8710,312.0521,0.0000,3.767734,1.130320,1.883867,0.565160
287197,FLOW,1,332.0000,32.0000,478,2.00,3.7500,312.0521,0.0000,3.767734,1.130320,1.883867,0.565160
287197,FLOW,1,333.0000,33.0000,477,2.00,3.6364,312.0521,0.0000,3.767734,1.130320,1.883867,0.565160
287197,FLOW,1,334.0000,34.0000,477,2.00,3.5294,312.0521,0.0000,3.767734,1.130320,1.883867,0.565160
287197,FLOW,1,335.0000,35.0000,477,2.00,3.4286,312.0521,0.0000,3.767734,1.130320,1.883867,0.565160
287197,FLOW,1,336.0000,36.0000,477,2.00,3.3333,312.0521,0.0000,3.767734,1.130320,1.883867,0.565160
287197,FLOW,1,337.0000,37.0000,476,3.00,4.8649,316.9917,0.0000,5.690135,1.707040,1.896712,0.569013
287197,FLOW,1,338.0000,38.0000,476,3.00,4.7368,316.9917,0.0000,5.690135,1.707040,1.896712,0.569013
287197,FLOW,1,339.0000,39.0000,476,3.00,4.6154,316.9917,0.0000,5.690135,1.707040,1.896712,0.569013
287197,FLOW,1,340.0000,40.0000,476,3.00,4.5000,316.9917,0.0000,5.690135,1.707040,1.896712,0.569013
287197,FLOW,1,341.0000,41.0000,547,3.00,4.3902,316.9917,0.0000,5.690135,1.707040,1.896712,0.569013
287197,FLOW,1,342.0000,42.0000,550,3.00,4.2857,316.9917,0.0000,5.690135,1.707040,1.896712,0.569013
287197,FLOW,1,343.0000,43.0000,550,3.00,4.1860,316.9917,0.0000,5.690135,1.707040,1.896712,0.569013
287197,FLOW,1,344.0000,44.0000,554,3.00,4.0909,316.9917,0.0000,5.690135,1.707040,1.896712,0.569013
287197,FLOW,1,345.0000,45.0000,554,3.00,4.0000,316.9917,0.0000,5.690135,1.707040,1.896712,0.569013
287197,FLOW,1,346.0000,46.0000,555,3.00,3.9130,316.9917,0.0000,5.690135,1.707040,1.896712,0.569013
287197,FLOW,1,347.0000,47.0000,554,3.00,3.8298,316.9917,0.0000,5.690135,1.707040,1.896712,0.569013
287197,FLOW,1,348.0000,48.0000,554,3.00,3.7500,316.9917,0.0000,5.690135,1.707040,1.896712,0.569013
287197,FLOW,1,349.0000,49.0000,554,3.00,3.6735,316.9917,0.0000,5.690135,1.707040,1.896712,0.569013
287197,FLOW,1,350.0000,50.0000,554,3.00,3.6000,316.9917,0.0000,5.690135,1.707040,1.896712,0.569013
287197,FLOW,1,351.0000,51.0000,554,3.00,3.5294,316.9917,0.0000,5.690135,1.707040,1.896712,0.569013
287197,FLOW,1,352.0000,52.0000,554,3.00,3.4615,316.9917,0.0000,5.690135,1.707040,1.896712,0.569013
287197,FLOW,1,353.0000,53.0000,553,3.00,3.3962,316.9917,0.0000,5.690135,1.707040,1.896712,0.569013
287197,FLOW,1,354.0000,54.0000,553,3.00,3.3333,316.9917,0.0000,5.690135,1.707040,1.896712,0.569013
287197,FLOW,1,355.0000,55.0000,553,3.00,3.2727,316.9917,0.0000,5.690135,1.707040,1.896712,0.569013
287197,FLOW,1,356.0000,56.0000,577,3.00,3.2143,316.9917,0.0000,5.690135,1.707040,1.896712,0.569013
287197,FLOW,1,357.0000,57.0000,577,3.00,3.1579,316.9917,0.0000,5.690135,1.707040,1.896712,0.569013
287197,FLOW,1,358.0000,58.0000,581,3.00,3.1034,316.9917,0.0000,5.690135,1.707040,1.896712,0.569013
287197,FLOW,1,359.0000,59.0000,581,3.00,3.0508,316.9917,0.0000,5.690135,1.707040,1.896712,0.569013
287197,FLOW,1,360.0000,60.0000,585,3.00,3.0000,316.9917,0.0000,5.690135,1.707040,1.896712,0.569013
287197,FLOW,1,361.0000,61.0000,585,3.00,2.9508,316.9917,0.0000,5.690135,1.707040,1.896712,0.569013
287197,FLOW,1,362.0000,62.0000,588,3.00,2.9032,316.9917,0.0000,5.690135,1.707040,1.896712,0.569013
287197,FLOW,1,363.0000,63.0000,588,3.00,2.8571,316.9917,0.0000,5.690135,1.707040,1.896712,0.569013
287197,FLOW,1,364.0000,64.0000,592,3.00,2.8125,316.9917,0.0000,5.690135,1.707040,1.896712,0.569013
287197,FLOW,1,365.0000,65.0000,593,3.00,2.7692,316.9917,0.0000,5.690135,1.707040,1.896712,0.569013
287197,FLOW,1,366.0000,66.0000,597,3.00,2.7273,316.9917,0.0000,5.690135,1.707040,1.896712,0.569013
287197,FLOW,1,367.0000,67.0000,597,3.00,2.6866,316.9917,0.0000,5.690135,1.707040,1.896712,0.569013
287197,FLOW,1,368.0000,68.0000,601,3.00,2.6471,316.9917,0.0000,5.690135,1.707040,1.896712,0.569013
287197,FLOW,1,369.0000,69.0000,601,3.00,2.6087,316.9917,0.0000,5.690135,1.707040,1.896712,0.569013
287197,FLOW,1,370.0000,70.0000,605,3.00,2.5714,316.9917,0.0000,5.690135,1.707040,1.896712,0.569013
287197,FLOW,1,371.0000,71.0000,605,3.00,2.5352,316.9917,0.0000,5.690135,1.707040,1.896712,0.569013
287197,FLOW,1,372.0000,72.0000,609,3.00,2.5000,316.9917,0.0000,5.690135,1.707040,1.896712,0.569013
287197,FLOW,1,373.0000,73.0000,608,3.00,2.4658,316.9917,0.0000,5.690135,1.707040,1.896712,0.569013
287197,FLOW,1,374.0000,74.0000,612,3.00,2.4324,316.9917,0.0000,5.690135,1.707040,1.896712,0.569013
287197,FLOW,1,375.0000,75.0000,612,3.00,2.4000,316.9917,0.0000,5.690135,1.707040,1.896712,0.569013
287197,FLOW,1,376.0000,76.0000,617,3.00,2.3684,316.9917,0.0000,5.690135,1.707040,1.896712,0.569013
287197,FLOW,1,377.0000,77.0000,617,3.00,2.3377,316.9917,0.0000,5.690135,1.707040,1.896712,0.569013
287197,FLOW,1,378.0000,78.0000,621,3.00,2.3077,316.9917,0.0000,5.690135,1.707040,1.896712,0.569013
287197,FLOW,1,379.0000,79.0000,621,3.00,2.2785,316.9917,0.0000,5.690135,1.707040,1.896712,0.569013
287197,FLOW,1,380.0000,80.0000,625,3.00,2.2500,316.9917,0.0000,5.690135,1.707040,1.896712,0.569013
287197,FLOW,1,381.0000,81.0000,625,3.00,2.2222,316.9917,0.0000,5.690135,1.707040,1.896712,0.569013
287197,FLOW,1,382.0000,82.0000,628,3.00,2.1951,316.9917,0.0000,5.690135,1.707040,1.896712,0.569013
287197,FLOW,1,383.0000,83.0000,628,3.00,2.1687,316.9917,0.0000,5.690135,1.707040,1.896712,0.569013
287197,FLOW,1,384.0000,84.0000,632,3.00,2.1429,316.9917,0.0000,5.690135,1.707040,1.896712,0.569013
287197,FLOW,1,385.0000,85.0000,632,3.00,2.1176,316.9917,0.0000,5.690135,1.707040,1.896712,0.569013
287197,FLOW,1,386.0000,86.0000,632,4.00,2.7907,332.2343,0.0000,8.887674,2.666302,2.221918,0.666576
287197,FLOW,1,387.0000,87.0000,632,4.00,2.7586,332.2343,0.0000,8.887674,2.666302,2.221918,0.666576
287197,FLOW,1,388.0000,88.0000,632,4.00,2.7273,332.2343,0.0000,8.887674,2.666302,2.221918,0.666576
287197,FLOW,1,389.0000,89.0000,632,4.00,2.6966,332.2343,0.0000,8.887674,2.666302,2.221918,0.666576
287197,FLOW,1,390.0000,90.0000,632,4.00,2.6667,332.2343,0.0000,8.887674,2.666302,2.221918,0.666576
287197,FLOW,1,391.0000,91.0000,632,4.00,2.6374,332.2343,0.0000,8.887674,2.666302,2.221918,0.666576
287197,FLOW,1,392.0000,92.0000,631,4.00,2.6087,332.2343,0.0000,8.887674,2.666302,2.221918,0.666576
287197,FLOW,1,393.0000,93.0000,631,4.00,2.5806,332.2343,0.0000,8.887674,2.666302,2.221918,0.666576
287197,FLOW,1,394.0000,94.0000,631,4.00,2.5532,332.2343,0.0000,8.887674,2.666302,2.221918,0.666576
287197,FLOW,1,395.0000,95.0000,631,4.00,2.5263,332.2343,0.0000,8.887674,2.666302,2.221918,0.666576
287197,FLOW,1,396.0000,96.0000,655,4.00,2.5000,332.2343,0.0000,8.887674,2.666302,2.221918,0.666576
287197,FLOW,1,397.0000,97.0000,655,4.00,2.4742,332.2343,0.0000,8.887674,2.666302,2.221918,0.666576
287197,FLOW,1,398.0000,98.0000,659,4.00,2.4490,332.2343,0.0000,8.887674,2.666302,2.221918,0.666576
287197,FLOW,1,399.0000,99.0000,659,4.00,2.4242,332.2343,0.0000,8.887674,2.666302,2.221918,0.666576
287197,FLOW,1,400.0000,100.0000,663,4.00,2.4000,332.2343,0.0000,8.887674,2.666302,2.221918,0.666576
287197,FLOW,1,401.0000,101.0000,663,4.00,2.3762,332.2343,0.0000,8.887674,2.666302,2.221918,0.666576
287197,FLOW,1,402.0000,102.0000,667,4.00,2.3529,332.2343,0.0000,8.887674,2.666302,2.221918,0.666576
287197,FLOW,1,403.0000,103.0000,667,4.00,2.3301,332.2343,0.0000,8.887674,2.666302,2.221918,0.666576
287197,FLOW,1,404.0000,104.0000,670,4.00,2.3077,332.2343,0.0000,8.887674,2.666302,2.221918,0.666576
287197,FLOW,1,405.0000,105.0000,670,4.00,2.2857,332.2343,0.0000,8.887674,2.666302,2.221918,0.666576
287197,FLOW,1,406.0000,106.0000,674,4.00,2.2642,332.2343,0.0000,8.887674,2.666302,2.221918,0.666576
287197,FLOW,1,407.0000,107.0000,674,4.00,2.2430,332.2343,0.0000,8.887674,2.666302,2.221918,0.666576
287197,FLOW,1,408.0000,108.0000,677,4.00,2.2222,332.2343,0.0000,8.887674,2.666302,2.221918,0.666576
287197,FLOW,1,409.0000,109.0000,677,4.00,2.2018,332.2343,0.0000,8.887674,2.666302,2.221918,0.666576
287197,FLOW,1,410.0000,110.0000,681,4.00,2.1818,332.2343,0.0000,8.887674,2.666302,2.221918,0.666576
287197,FLOW,1,411.0000,111.0000,681,4.00,2.1622,332.2343,0.0000,8.887674,2.666302,2.221918,0.666576
287197,FLOW,1,412.0000,112.0000,685,4.00,2.1429,332.2343,0.0000,8.887674,2.666302,2.221918,0.666576
287197,FLOW,1,413.0000,113.0000,685,4.00,2.1239,332.2343,0.0000,8.887674,2.666302,2.221918,0.666576
287197,FLOW,1,414.0000,114.0000,688,4.00,2.1053,332.2343,0.0000,8.887674,2.666302,2.221918,0.666576
287197,FLOW,1,415.0000,115.0000,688,4.00,2.0870,332.2343,0.0000,8.887674,2.666302,2.221918,0.666576
287197,FLOW,1,416.0000,116.0000,692,4.00,2.0690,332.2343,0.0000,8.887674,2.666302,2.221918,0.666576
287197,FLOW,1,417.0000,117.0000,692,4.00,2.0513,332.2343,0.0000,8.887674,2.666302,2.221918,0.666576
287197,FLOW,1,418.0000,118.0000,696,4.00,2.0339,332.2343,0.0000,8.887674,2.666302,2.221918,0.666576
287197,FLOW,1,419.0000,119.0000,696,4.00,2.0168,332.2343,0.0000,8.887674,2.666302,2.221918,0.666576
287197,FLOW,1,420.0000,120.0000,700,4.00,2.0000,332.2343,0.0000,8.887674,2.666302,2.221918,0.666576
287197,FLOW,1,421.0000,121.0000,700,4.00,1.9835,332.2343,0.0000,8.887674,2.666302,2.221918,0.666576
287197,FLOW,1,422.0000,122.0000,704,4.00,1.9672,332.2343,0.0000,8.887674,2.666302,2.221918,0.666576
287197,FLOW,1,423.0000,123.0000,703,4.00,1.9512,332.2343,0.0000,8.887674,2.666302,2.221918,0.666576
287197,FLOW,1,424.0000,124.0000,707,4.00,1.9355,332.2343,0.0000,8.887674,2.666302,2.221918,0.666576
287197,FLOW,1,425.0000,125.0000,707,4.00,1.9200,332.2343,0.0000,8.887674,2.666302,2.221918,0.666576
287197,FLOW,1,426.0000,126.0000,708,4.00,1.9048,332.2343,0.0000,8.887674,2.666302,2.221918,0.666576
287197,FLOW,1,427.0000,127.0000,708,4.00,1.8898,332.2343,0.0000,8.887674,2.666302,2.221918,0.666576
287197,FLOW,1,428.0000,128.0000,709,4.00,1.8750,332.2343,0.0000,8.887674,2.666302,2.221918,0.666576
287197,FLOW,1,429.0000,129.0000,709,4.00,1.8605,332.2343,0.0000,8.887674,2.666302,2.221918,0.666576
287197,FLOW,1,430.0000,130.0000,709,4.00,1.8462,332.2343,0.0000,8.887674,2.666302,2.221918,0.666576
287197,FLOW,1,431.0000,131.0000,709,4.00,1.8321,332.2343,0.0000,8.887674,2.666302,2.221918,0.666576
287197,FLOW,1,432.0000,132.0000,709,4.00,1.8182,332.2343,0.0000,8.887674,2.666302,2.221918,0.666576
287197,FLOW,1,433.0000,133.0000,709,4.00,1.8045,332.2343,0.0000,8.887674,2.666302,2.221918,0.666576
287197,FLOW,1,434.0000,134.0000,708,4.00,1.7910,332.2343,0.0000,8.887674,2.666302,2.221918,0.666576
287197,FLOW,1,435.0000,135.0000,708,4.00,1.7778,332.2343,0.0000,8.887674,2.666302,2.221918,0.666576
287197,FLOW,1,436.0000,136.0000,731,4.00,1.7647,332.2343,0.0000,8.887674,2.666302,2.221918,0.666576
287197,FLOW,1,437.0000,137.0000,731,4.00,1.7518,332.2343,0.0000,8.887674,2.666302,2.221918,0.666576
287197,FLOW,1,438.0000,138.0000,734,4.00,1.7391,332.2343,0.0000,8.887674,2.666302,2.221918,0.666576
287197,FLOW,1,439.0000,139.0000,734,4.00,1.7266,332.2343,0.0000,8.887674,2.666302,2.221918,0.666576
287197,FLOW,1,440.0000,140.0000,738,4.00,1.7143,332.2343,0.0000,8.887674,2.666302,2.221918,0.666576
287197,FLOW,1,441.0000,141.0000,738,4.00,1.7021,332.2343,0.0000,8.887674,2.666302,2.221918,0.666576
287197,FLOW,1,442.0000,142.0000,742,4.00,1.6901,332.2343,0.0000,8.887674,2.666302,2.221918,0.666576
287197,FLOW,1,443.0000,143.0000,742,4.00,1.6783,332.2343,0.0000,8.887674,2.666302,2.221918,0.666576
287197,FLOW,1,444.0000,144.0000,745,4.00,1.6667,332.2343,0.0000,8.887674,2.666302,2.221918,0.666576
287197,FLOW,1,445.0000,145.0000,745,4.00,1.6552,332.2343,0.0000,8.887674,2.666302,2.221918,0.666576
287197,FLOW,1,446.0000,146.0000,749,4.00,1.6438,332.2343,0.0000,8.887674,2.666302,2.221918,0.666576
287197,FLOW,1,447.0000,147.0000,749,4.00,1.6327,332.2343,0.0000,8.887674,2.666302,2.221918,0.666576
287197,FLOW,1,448.0000,148.0000,753,4.00,1.6216,332.2343,0.0000,8.887674,2.666302,2.221918,0.666576
287197,FLOW,1,449.0000,149.0000,753,4.00,1.6107,332.2343,0.0000,8.887674,2.666302,2.221918,0.666576
287197,FLOW,1,450.0000,150.0000,757,4.00,1.6000,332.2343,0.0000,8.887674,2.666302,2.221918,0.666576
287197,FLOW,1,451.0000,151.0000,757,4.00,1.5894,332.2343,0.0000,8.887674,2.666302,2.221918,0.666576
287197,FLOW,1,452.0000,152.0000,761,4.00,1.5789,332.2343,0.0000,8.887674,2.666302,2.221918,0.666576
287197,FLOW,1,453.0000,153.0000,761,4.00,1.5686,332.2343,0.0000,8.887674,2.666302,2.221918,0.666576
287197,FLOW,1,454.0000,154.0000,764,4.00,1.5584,332.2343,0.0000,8.887674,2.666302,2.221918,0.666576
287197,FLOW,1,455.0000,155.0000,764,4.00,1.5484,332.2343,0.0000,8.887674,2.666302,2.221918,0.666576
287197,FLOW,1,456.0000,156.0000,768,4.00,1.5385,332.2343,0.0000,8.887674,2.666302,2.221918,0.666576
287197,FLOW,1,457.0000,157.0000,768,4.00,1.5287,332.2343,0.0000,8.887674,2.666302,2.221918,0.666576
287197,FLOW,1,458.0000,158.0000,772,4.00,1.5190,332.2343,0.0000,8.887674,2.666302,2.221918,0.666576
287197,FLOW,1,459.0000,159.0000,772,4.00,1.5094,332.2343,0.0000,8.887674,2.666302,2.221918,0.666576
287197,FLOW,1,460.0000,160.0000,776,4.00,1.5000,332.2343,0.0000,8.887674,2.666302,2.221918,0.666576
287197,FLOW,1,461.0000,161.0000,776,4.00,1.4907,332.2343,0.0000,8.887674,2.666302,2.221918,0.666576
287197,FLOW,1,462.0000,162.0000,780,4.00,1.4815,332.2343,0.0000,8.887674,2.666302,2.221918,0.666576
287197,FLOW,1,463.0000,163.0000,780,4.00,1.4724,332.2343,0.0000,8.887674,2.666302,2.221918,0.666576
287197,FLOW,1,464.0000,164.0000,784,4.00,1.4634,332.2343,0.0000,8.887674,2.666302,2.221918,0.666576
287197,FLOW,1,465.0000,165.0000,783,4.00,1.4545,332.2343,0.0000,8.887674,2.666302,2.221918,0.666576
287197,FLOW,1,466.0000,166.0000,784,4.00,1.4458,332.2343,0.0000,8.887674,2.666302,2.221918,0.666576
287197,FLOW,1,467.0000,167.0000,784,4.00,1.4371,332.2343,0.0000,8.887674,2.666302,2.221918,0.666576
287197,FLOW,1,468.0000,168.0000,784,4.00,1.4286,332.2343,0.0000,8.887674,2.666302,2.221918,0.666576
287197,FLOW,1,469.0000,169.0000,784,4.00,1.4201,332.2343,0.0000,8.887674,2.666302,2.221918,0.666576
287197,FLOW,1,470.0000,170.0000,784,4.00,1.4118,332.2343,0.0000,8.887674,2.666302,2.221918,0.666576
287197,FLOW,1,471.0000,171.0000,784,4.00,1.4035,332.2343,0.0000,8.887674,2.666302,2.221918,0.666576
287197,FLOW,1,472.0000,172.0000,784,4.00,1.3953,332.2343,0.0000,8.887674,2.666302,2.221918,0.666576
287197,FLOW,1,473.0000,173.0000,784,4.00,1.3873,332.2343,0.0000,8.887674,2.666302,2.221918,0.666576
287197,FLOW,1,474.0000,174.0000,783,4.00,1.3793,332.2343,0.0000,8.887674,2.666302,2.221918,0.666576
287197,FLOW,1,475.0000,175.0000,783,4.00,1.3714,332.2343,0.0000,8.887674,2.666302,2.221918,0.666576
287197,FLOW,1,476.0000,176.0000,806,4.00,1.3636,332.2343,0.0000,8.887674,2.666302,2.221918,0.666576
287197,FLOW,1,477.0000,177.0000,806,4.00,1.3559,332.2343,0.0000,8.887674,2.666302,2.221918,0.666576
287197,FLOW,1,478.0000,178.0000,810,4.00,1.3483,332.2343,0.0000,8.887674,2.666302,2.221918,0.666576
287197,FLOW,1,479.0000,179.0000,810,4.00,1.3408,332.2343,0.0000,8.887674,2.666302,2.221918,0.666576
287197,FLOW,1,480.0000,180.0000,814,4.00,1.3333,332.2343,0.0000,8.887674,2.666302,2.221918,0.666576
287197,FLOW,1,481.0000,181.0000,814,4.00,1.3260,332.2343,0.0000,8.887674,2.666302,2.221918,0.666576
287197,FLOW,1,482.0000,182.0000,818,4.00,1.3187,332.2343,0.0000,8.887674,2.666302,2.221918,0.666576
287197,FLOW,1,483.0000,183.0000,817,4.00,1.3115,332.2343,0.0000,8.887674,2.666302,2.221918,0.666576
287197,FLOW,1,484.0000,184.0000,821,4.00,1.3043,332.2343,0.0000,8.887674,2.666302,2.221918,0.666576
287197,FLOW,1,485.0000,185.0000,821,4.00,1.2973,332.2343,0.0000,8.887674,2.666302,2.221918,0.666576
287197,FLOW,1,486.0000,186.0000,825,4.00,1.2903,332.2343,0.0000,8.887674,2.666302,2.221918,0.666576
287197,FLOW,1,487.0000,187.0000,825,4.00,1.2834,332.2343,0.0000,8.887674,2.666302,2.221918,0.666576
287197,FLOW,1,488.0000,188.0000,829,4.00,1.2766,332.2343,0.0000,8.887674,2.666302,2.221918,0.666576
287197,FLOW,1,489.0000,189.0000,829,4.00,1.2698,332.2343,0.0000,8.887674,2.666302,2.221918,0.666576
287197,FLOW,1,490.0000,190.0000,834,4.00,1.2632,332.2343,0.0000,8.887674,2.666302,2.221918,0.666576
287197,FLOW,1,491.0000,191.0000,834,4.00,1.2565,332.2343,0.0000,8.887674,2.666302,2.221918,0.666576
287197,FLOW,1,492.0000,192.0000,838,4.00,1.2500,332.2343,0.0000,8.887674,2.666302,2.221918,0.666576
287197,FLOW,1,493.0000,193.0000,837,4.00,1.2435,332.2343,0.0000,8.887674,2.666302,2.221918,0.666576
287197,FLOW,1,494.0000,194.0000,841,4.00,1.2371,332.2343,0.0000,8.887674,2.666302,2.221918,0.666576
287197,FLOW,1,495.0000,195.0000,841,4.00,1.2308,332.2343,0.0000,8.887674,2.666302,2.221918,0.666576
287197,FLOW,1,496.0000,196.0000,845,4.00,1.2245,332.2343,0.0000,8.887674,2.666302,2.221918,0.666576
287197,FLOW,1,497.0000,197.0000,845,4.00,1.2183,332.2343,0.0000,8.887674,2.666302,2.221918,0.666576
287197,FLOW,1,498.0000,198.0000,849,4.00,1.2121,332.2343,0.0000,8.887674,2.666302,2.221918,0.666576
287197,FLOW,1,499.0000,199.0000,849,4.00,1.2060,332.2343,0.0000,8.887674,2.666302,2.221918,0.666576
287197,FLOW,1,500.0000,200.0000,853,4.00,1.2000,332.2343,0.0000,8.887674,2.666302,2.221918,0.666576
287197,FLOW,1,501.0000,201.0000,853,4.00,1.1940,332.2343,0.0000,8.887674,2.666302,2.221918,0.666576
287197,FLOW,1,502.0000,202.0000,857,4.00,1.1881,332.2343,0.0000,8.887674,2.666302,2.221918,0.666576
287197,FLOW,1,503.0000,203.0000,856,4.00,1.1823,332.2343,0.0000,8.887674,2.666302,2.221918,0.666576
287197,FLOW,1,504.0000,204.0000,860,4.00,1.1765,332.2343,0.0000,8.887674,2.666302,2.221918,0.666576
287197,FLOW,1,505.0000,205.0000,860,4.00,1.1707,332.2343,0.0000,8.887674,2.666302,2.221918,0.666576
287197,FLOW,1,506.0000,206.0000,861,4.00,1.1650,332.2343,0.0000,8.887674,2.666302,2.221918,0.666576
287197,FLOW,1,507.0000,207.0000,861,4.00,1.1594,332.2343,0.0000,8.887674,2.666302,2.221918,0.666576
287197,FLOW,1,508.0000,208.0000,861,4.00,1.1538,332.2343,0.0000,8.887674,2.666302,2.221918,0.666576
287197,FLOW,1,509.0000,209.0000,861,4.00,1.1483,332.2343,0.0000,8.887674,2.666302,2.221918,0.666576
287197,FLOW,1,510.0000,210.0000,860,4.00,1.1429,332.2343,0.0000,8.887674,2.666302,2.221918,0.666576
287197,FLOW,1,511.0000,211.0000,860,4.00,1.1374,332.2343,0.0000,8.887674,2.666302,2.221918,0.666576
287197,FLOW,1,512.0000,212.0000,860,4.00,1.1321,332.2343,0.0000,8.887674,2.666302,2.221918,0.666576
287197,FLOW,1,513.0000,213.0000,860,4.00,1.1268,332.2343,0.0000,8.887674,2.666302,2.221918,0.666576
287197,FLOW,1,514.0000,214.0000,859,4.00,1.1215,332.2343,0.0000,8.887674,2.666302,2.221918,0.666576
287197,FLOW,1,515.0000,215.0000,859,4.00,1.1163,332.2343,0.0000,8.887674,2.666302,2.221918,0.666576
287197,FLOW,1,516.0000,216.0000,882,4.00,1.1111,332.2343,0.0000,8.887674,2.666302,2.221918,0.666576
287197,FLOW,1,517.0000,217.0000,882,4.00,1.1060,332.2343,0.0000,8.887674,2.666302,2.221918,0.666576
287197,FLOW,1,518.0000,218.0000,886,4.00,1.1009,332.2343,0.0000,8.887674,2.666302,2.221918,0.666576
287197,FLOW,1,519.0000,219.0000,886,4.00,1.0959,332.2343,0.0000,8.887674,2.666302,2.221918,0.666576
287197,FLOW,1,520.0000,220.0000,891,4.00,1.0909,332.2343,0.0000,8.887674,2.666302,2.221918,0.666576
287197,FLOW,1,521.0000,221.0000,891,4.00,1.0860,332.2343,0.0000,8.887674,2.666302,2.221918,0.666576
287197,FLOW,1,522.0000,222.0000,894,4.00,1.0811,332.2343,0.0000,8.887674,2.666302,2.221918,0.666576
287197,FLOW,1,523.0000,223.0000,894,4.00,1.0762,332.2343,0.0000,8.887674,2.666302,2.221918,0.666576
287197,FLOW,1,524.0000,224.0000,897,4.00,1.0714,332.2343,0.0000,8.887674,2.666302,2.221918,0.666576
287197,FLOW,1,525.0000,225.0000,897,4.00,1.0667,332.2343,0.0000,8.887674,2.666302,2.221918,0.666576
287197,FLOW,1,526.0000,226.0000,897,4.00,1.0619,332.2343,0.0000,8.887674,2.666302,2.221918,0.666576
287197,FLOW,1,527.0000,227.0000,897,4.00,1.0573,332.2343,0.0000,8.887674,2.666302,2.221918,0.666576
287197,FLOW,1,528.0000,228.0000,897,4.00,1.0526,332.2343,0.0000,8.887674,2.666302,2.221918,0.666576
287197,FLOW,1,529.0000,229.0000,897,4.00,1.0480,332.2343,0.0000,8.887674,2.666302,2.221918,0.666576
287197,FLOW,1,530.0000,230.0000,896,4.00,1.0435,332.2343,0.0000,8.887674,2.666302,2.221918,0.666576
287197,FLOW,1,531.0000,231.0000,896,4.00,1.0390,332.2343,0.0000,8.887674,2.666302,2.221918,0.666576
287197,FLOW,1,532.0000,232.0000,895,4.00,1.0345,332.2343,0.0000,8.887674,2.666302,2.221918,0.666576
287197,FLOW,1,533.0000,233.0000,895,4.00,1.0300,332.2343,0.0000,8.887674,2.666302,2.221918,0.666576
287197,FLOW,1,534.0000,234.0000,895,4.00,1.0256,332.2343,0.0000,8.887674,2.666302,2.221918,0.666576
287197,FLOW,1,535.0000,235.0000,895,4.00,1.0213,332.2343,0.0000,8.887674,2.666302,2.221918,0.666576
287197,FLOW,1,536.0000,236.0000,895,4.00,1.0169,332.2343,0.0000,8.887674,2.666302,2.221918,0.666576
287197,FLOW,1,537.0000,237.0000,895,4.00,1.0127,332.2343,0.0000,8.887674,2.666302,2.221918,0.666576
287197,FLOW,1,538.0000,238.0000,895,4.00,1.0084,332.2343,0.0000,8.887674,2.666302,2.221918,0.666576
287197,FLOW,1,539.0000,239.0000,895,4.00,1.0042,332.2343,0.0000,8.887674,2.666302,2.221918,0.666576
287197,FLOW,1,540.0000,240.0000,895,4.00,1.0000,332.2343,0.0000,8.887674,2.666302,2.221918,0.666576
287197,FLOW,1,541.0000,241.0000,895,4.00,0.9959,332.2343,0.0000,8.887674,2.666302,2.221918,0.666576
287197,FLOW,1,542.0000,242.0000,894,4.00,0.9917,332.2343,0.0000,8.887674,2.666302,2.221918,0.666576
287197,FLOW,1,543.0000,243.0000,894,4.00,0.9877,332.2343,0.0000,8.887674,2.666302,2.221918,0.666576
287197,FLOW,1,544.0000,244.0000,894,4.00,0.9836,332.2343,0.0000,8.887674,2.666302,2.221918,0.666576
287197,FLOW,1,545.0000,245.0000,894,4.00,0.9796,332.2343,0.0000,8.887674,2.666302,2.221918,0.666576
287197,FLOW,1,546.0000,246.0000,894,4.00,0.9756,332.2343,0.0000,8.887674,2.666302,2.221918,0.666576
287197,FLOW,1,547.0000,247.0000,894,4.00,0.9717,332.2343,0.0000,8.887674,2.666302,2.221918,0.666576
287197,FLOW,1,548.0000,248.0000,894,4.00,0.9677,332.2343,0.0000,8.887674,2.666302,2.221918,0.666576
287197,FLOW,1,549.0000,249.0000,894,4.00,0.9639,332.2343,0.0000,8.887674,2.666302,2.221918,0.666576
287197,FLOW,1,550.0000,250.0000,894,4.00,0.9600,332.2343,0.0000,8.887674,2.666302,2.221918,0.666576
287197,FLOW,1,551.0000,251.0000,894,4.00,0.9562,332.2343,0.0000,8.887674,2.666302,2.221918,0.666576
287197,FLOW,1,552.0000,252.0000,894,4.00,0.9524,332.2343,0.0000,8.887674,2.666302,2.221918,0.666576
287197,FLOW,1,553.0000,253.0000,893,4.00,0.9486,332.2343,0.0000,8.887674,2.666302,2.221918,0.666576
287197,FLOW,1,554.0000,254.0000,893,4.00,0.9449,332.2343,0.0000,8.887674,2.666302,2.221918,0.666576
287197,FLOW,1,555.0000,255.0000,893,4.00,0.9412,332.2343,0.0000,8.887674,2.666302,2.221918,0.666576
287197,FLOW,1,556.0000,256.0000,893,4.00,0.9375,332.2343,0.0000,8.887674,2.666302,2.221918,0.666576
287197,FLOW,1,557.0000,257.0000,893,4.00,0.9339,332.2343,0.0000,8.887674,2.666302,2.221918,0.666576
287197,FLOW,1,558.0000,258.0000,893,4.00,0.9302,332.2343,0.0000,8.887674,2.666302,2.221918,0.666576
287197,FLOW,1,559.0000,259.0000,894,4.00,0.9266,332.2343,0.0000,8.887674,2.666302,2.221918,0.666576
287197,FLOW,1,560.0000,260.0000,894,4.00,0.9231,332.2343,0.0000,8.887674,2.666302,2.221918,0.666576
287197,FLOW,1,561.0000,261.0000,894,4.00,0.9195,332.2343,0.0000,8.887674,2.666302,2.221918,0.666576
287197,FLOW,1,562.0000,262.0000,894,4.00,0.9160,332.2343,0.0000,8.887674,2.666302,2.221918,0.666576
287197,FLOW,1,563.0000,263.0000,971,4.00,0.9125,332.2343,0.0000,8.887674,2.666302,2.221918,0.666576
287197,FLOW,1,564.0000,264.0000,973,4.00,0.9091,332.2343,0.0000,8.887674,2.666302,2.221918,0.666576
287197,FLOW,1,565.0000,265.0000,973,4.00,0.9057,332.2343,0.0000,8.887674,2.666302,2.221918,0.666576
287197,FLOW,1,566.0000,266.0000,973,4.00,0.9023,332.2343,0.0000,8.887674,2.666302,2.221918,0.666576
287197,FLOW,1,567.0000,267.0000,973,4.00,0.8989,332.2343,0.0000,8.887674,2.666302,2.221918,0.666576
287197,FLOW,1,568.0000,268.0000,973,4.00,0.8955,332.2343,0.0000,8.887674,2.666302,2.221918,0.666576
287197,FLOW,1,569.0000,269.0000,972,4.00,0.8922,332.2343,0.0000,8.887674,2.666302,2.221918,0.666576
287197,FLOW,1,570.0000,270.0000,972,4.00,0.8889,332.2343,0.0000,8.887674,2.666302,2.221918,0.666576
287197,FLOW,1,571.0000,271.0000,972,4.00,0.8856,332.2343,0.0000,8.887674,2.666302,2.221918,0.666576
287197,FLOW,1,572.0000,272.0000,972,4.00,0.8824,332.2343,0.0000,8.887674,2.666302,2.221918,0.666576
287197,FLOW,1,573.0000,273.0000,971,4.00,0.8791,332.2343,0.0000,8.887674,2.666302,2.221918,0.666576
287197,FLOW,1,574.0000,274.0000,971,4.00,0.8759,332.2343,0.0000,8.887674,2.666302,2.221918,0.666576
287197,FLOW,1,575.0000,275.0000,992,4.00,0.8727,332.2343,0.0000,8.887674,2.666302,2.221918,0.666576
287197,FLOW,1,576.0000,276.0000,996,4.00,0.8696,332.2343,0.0000,8.887674,2.666302,2.221918,0.666576
287197,FLOW,1,577.0000,277.0000,996,4.00,0.8664,332.2343,0.0000,8.887674,2.666302,2.221918,0.666576
287197,FLOW,1,578.0000,278.0000,1000,4.00,0.8633,332.2343,0.0000,8.887674,2.666302,2.221918,0.666576
287197,FLOW,1,579.0000,279.0000,1000,4.00,0.8602,332.2343,0.0000,8.887674,2.666302,2.221918,0.666576
287197,FLOW,1,580.0000,280.0000,1004,4.00,0.8571,332.2343,0.0000,8.887674,2.666302,2.221918,0.666576
287197,FLOW,1,581.0000,281.0000,1005,4.00,0.8541,332.2343,0.0000,8.887674,2.666302,2.221918,0.666576
287197,FLOW,1,582.0000,282.0000,1008,4.00,0.8511,332.2343,0.0000,8.887674,2.666302,2.221918,0.666576
287197,FLOW,1,583.0000,283.0000,1008,4.00,0.8481,332.2343,0.0000,8.887674,2.666302,2.221918,0.666576
287197,FLOW,1,584.0000,284.0000,1012,4.00,0.8451,332.2343,0.0000,8.887674,2.666302,2.221918,0.666576
287197,FLOW,1,585.0000,285.0000,1012,4.00,0.8421,332.2343,0.0000,8.887674,2.666302,2.221918,0.666576
287197,FLOW,1,586.0000,286.0000,1016,4.00,0.8392,332.2343,0.0000,8.887674,2.666302,2.221918,0.666576
287197,FLOW,1,587.0000,287.0000,1016,4.00,0.8362,332.2343,0.0000,8.887674,2.666302,2.221918,0.666576
287197,FLOW,1,588.0000,288.0000,1020,4.00,0.8333,332.2343,0.0000,8.887674,2.666302,2.221918,0.666576
287197,FLOW,1,589.0000,289.0000,1020,4.00,0.8304,332.2343,0.0000,8.887674,2.666302,2.221918,0.666576
287197,FLOW,1,590.0000,290.0000,1023,4.00,0.8276,332.2343,0.0000,8.887674,2.666302,2.221918,0.666576
287197,FLOW,1,591.0000,291.0000,1021,4.00,0.8247,332.2343,0.0000,8.887674,2.666302,2.221918,0.666576
287197,FLOW,1,592.0000,292.0000,1025,4.00,0.8219,332.2343,0.0000,8.887674,2.666302,2.221918,0.666576
287197,FLOW,1,593.0000,293.0000,1025,4.00,0.8191,332.2343,0.0000,8.887674,2.666302,2.221918,0.666576
287197,FLOW,1,594.0000,294.0000,1029,4.00,0.8163,332.2343,0.0000,8.887674,2.666302,2.221918,0.666576
287197,FLOW,1,595.0000,295.0000,1030,4.00,0.8136,332.2343,0.0000,8.887674,2.666302,2.221918,0.666576
287197,FLOW,1,596.0000,296.0000,1034,4.00,0.8108,332.2343,0.0000,8.887674,2.666302,2.221918,0.666576
287197,FLOW,1,597.0000,297.0000,1034,4.00,0.8081,332.2343,0.0000,8.887674,2.666302,2.221918,0.666576
287197,FLOW,1,598.0000,298.0000,1038,4.00,0.8054,332.2343,0.0000,8.887674,2.666302,2.221918,0.666576
287197,FLOW,1,599.0000,299.0000,1038,4.00,0.8027,332.2343,0.0000,8.887674,2.666302,2.221918,0.666576
287197,FLOW,1,600.0000,300.0000,1042,4.00,0.8000,332.2343,0.0000,8.887674,2.666302,2.221918,0.666576
287197,FLOW,1,601.0000,301.0000,1041,4.00,0.7973,332.2343,0.0000,8.887674,2.666302,2.221918,0.666576
287197,FLOW,1,602.0000,302.0000,1045,4.00,0.7947,332.2343,0.0000,8.887674,2.666302,2.221918,0.666576
287197,FLOW,1,603.0000,303.0000,1045,4.00,0.7921,332.2343,0.0000,8.887674,2.666302,2.221918,0.666576
287197,FLOW,1,604.0000,304.0000,1048,4.00,0.7895,332.2343,0.0000,8.887674,2.666302,2.221918,0.666576
287197,FLOW,1,605.0000,305.0000,1048,4.00,0.7869,332.2343,0.0000,8.887674,2.666302,2.221918,0.666576
287197,FLOW,1,606.0000,306.0000,1048,4.00,0.7843,332.2343,0.0000,8.887674,2.666302,2.221918,0.666576
287197,FLOW,1,607.0000,307.0000,1048,4.00,0.7818,332.2343,0.0000,8.887674,2.666302,2.221918,0.666576
287197,FLOW,1,608.0000,308.0000,1048,4.00,0.7792,332.2343,0.0000,8.887674,2.666302,2.221918,0.666576
287197,FLOW,1,609.0000,309.0000,1048,4.00,0.7767,332.2343,0.0000,8.887674,2.666302,2.221918,0.666576
287197,FLOW,1,610.0000,310.0000,1047,4.00,0.7742,332.2343,0.0000,8.887674,2.666302,2.221918,0.666576
287197,FLOW,1,611.0000,311.0000,1047,4.00,0.7717,332.2343,0.0000,8.887674,2.666302,2.221918,0.666576
287197,FLOW,1,612.0000,312.0000,1047,4.00,0.7692,332.2343,0.0000,8.887674,2.666302,2.221918,0.666576
287197,FLOW,1,613.0000,313.0000,1047,4.00,0.7668,332.2343,0.0000,8.887674,2.666302,2.221918,0.666576
287197,FLOW,1,614.0000,314.0000,1047,4.00,0.7643,332.2343,0.0000,8.887674,2.666302,2.221918,0.666576
287197,FLOW,1,615.0000,315.0000,1068,4.00,0.7619,332.2343,0.0000,8.887674,2.666302,2.221918,0.666576
287197,FLOW,1,616.0000,316.0000,1072,4.00,0.7595,332.2343,0.0000,8.887674,2.666302,2.221918,0.666576
287197,FLOW,1,617.0000,317.0000,1072,4.00,0.7571,332.2343,0.0000,8.887674,2.666302,2.221918,0.666576
287197,FLOW,1,618.0000,318.0000,1076,4.00,0.7547,332.2343,0.0000,8.887674,2.666302,2.221918,0.666576
287197,FLOW,1,619.0000,319.0000,1076,4.00,0.7524,332.2343,0.0000,8.887674,2.666302,2.221918,0.666576
287197,FLOW,1,620.0000,320.0000,1079,4.00,0.7500,332.2343,0.0000,8.887674,2.666302,2.221918,0.666576
287197,FLOW,1,621.0000,321.0000,1079,4.00,0.7477,332.2343,0.0000,8.887674,2.666302,2.221918,0.666576
287197,FLOW,1,622.0000,322.0000,1083,4.00,0.7453,332.2343,0.0000,8.887674,2.666302,2.221918,0.666576
287197,FLOW,1,623.0000,323.0000,1083,4.00,0.7430,332.2343,0.0000,8.887674,2.666302,2.221918,0.666576
287197,FLOW,1,624.0000,324.0000,1088,4.00,0.7407,332.2343,0.0000,8.887674,2.666302,2.221918,0.666576
287197,FLOW,1,625.0000,325.0000,1088,4.00,0.7385,332.2343,0.0000,8.887674,2.666302,2.221918,0.666576
287197,FLOW,1,626.0000,326.0000,1092,4.00,0.7362,332.2343,0.0000,8.887674,2.666302,2.221918,0.666576
287197,FLOW,1,627.0000,327.0000,1092,4.00,0.7339,332.2343,0.0000,8.887674,2.666302,2.221918,0.666576
287197,FLOW,1,628.0000,328.0000,1095,4.00,0.7317,332.2343,0.0000,8.887674,2.666302,2.221918,0.666576
287197,FLOW,1,629.0000,329.0000,1095,4.00,0.7295,332.2343,0.0000,8.887674,2.666302,2.221918,0.666576
287197,FLOW,1,630.0000,330.0000,1099,4.00,0.7273,332.2343,0.0000,8.887674,2.666302,2.221918,0.666576
287197,FLOW,1,631.0000,331.0000,1099,4.00,0.7251,332.2343,0.0000,8.887674,2.666302,2.221918,0.666576
287197,FLOW,1,632.0000,332.0000,1103,4.00,0.7229,332.2343,0.0000,8.887674,2.666302,2.221918,0.666576
287197,FLOW,1,633.0000,333.0000,1103,4.00,0.7207,332.2343,0.0000,8.887674,2.666302,2.221918,0.666576
287197,FLOW,1,634.0000,334.0000,1107,4.00,0.7186,332.2343,0.0000,8.887674,2.666302,2.221918,0.666576
287197,FLOW,1,635.0000,335.0000,1107,4.00,0.7164,332.2343,0.0000,8.887674,2.666302,2.221918,0.666576
287197,FLOW,1,636.0000,336.0000,1110,4.00,0.7143,332.2343,0.0000,8.887674,2.666302,2.221918,0.666576
287197,FLOW,1,637.0000,337.0000,1110,4.00,0.7122,332.2343,0.0000,8.887674,2.666302,2.221918,0.666576
287197,FLOW,1,638.0000,338.0000,1113,4.00,0.7101,332.2343,0.0000,8.887674,2.666302,2.221918,0.666576
287197,FLOW,1,639.0000,339.0000,1113,4.00,0.7080,332.2343,0.0000,8.887674,2.666302,2.221918,0.666576
287197,FLOW,1,640.0000,340.0000,1117,4.00,0.7059,332.2343,0.0000,8.887674,2.666302,2.221918,0.666576
287197,FLOW,1,641.0000,341.0000,1117,4.00,0.7038,332.2343,0.0000,8.887674,2.666302,2.221918,0.666576
287197,FLOW,1,642.0000,342.0000,1121,4.00,0.7018,332.2343,0.0000,8.887674,2.666302,2.221918,0.666576
287197,FLOW,1,643.0000,343.0000,1121,4.00,0.6997,332.2343,0.0000,8.887674,2.666302,2.221918,0.666576
287197,FLOW,1,644.0000,344.0000,1124,4.00,0.6977,332.2343,0.0000,8.887674,2.666302,2.221918,0.666576
287197,FLOW,1,645.0000,345.0000,1124,4.00,0.6957,332.2343,0.0000,8.887674,2.666302,2.221918,0.666576
287197,FLOW,1,646.0000,346.0000,1124,4.00,0.6936,332.2343,0.0000,8.887674,2.666302,2.221918,0.666576
287197,FLOW,1,647.0000,347.0000,1124,4.00,0.6916,332.2343,0.0000,8.887674,2.666302,2.221918,0.666576
287197,FLOW,1,648.0000,348.0000,1123,4.00,0.6897,332.2343,0.0000,8.887674,2.666302,2.221918,0.666576
287197,FLOW,1,649.0000,349.0000,1123,4.00,0.6877,332.2343,0.0000,8.887674,2.666302,2.221918,0.666576
287197,FLOW,1,650.0000,350.0000,1123,4.00,0.6857,332.2343,0.0000,8.887674,2.666302,2.221918,0.666576
287197,FLOW,1,651.0000,351.0000,1123,4.00,0.6838,332.2343,0.0000,8.887674,2.666302,2.221918,0.666576
287197,FLOW,1,652.0000,352.0000,1123,4.00,0.6818,332.2343,0.0000,8.887674,2.666302,2.221918,0.666576
287197,FLOW,1,653.0000,353.0000,1123,4.00,0.6799,332.2343,0.0000,8.887674,2.666302,2.221918,0.666576
287197,FLOW,1,654.0000,354.0000,1123,4.00,0.6780,332.2343,0.0000,8.887674,2.666302,2.221918,0.666576
287197,FLOW,1,655.0000,355.0000,1144,4.00,0.6761,332.2343,0.0000,8.887674,2.666302,2.221918,0.666576
287197,FLOW,1,656.0000,356.0000,1149,4.00,0.6742,332.2343,0.0000,8.887674,2.666302,2.221918,0.666576
287197,FLOW,1,657.0000,357.0000,1148,4.00,0.6723,332.2343,0.0000,8.887674,2.666302,2.221918,0.666576
287197,FLOW,1,658.0000,358.0000,1152,4.00,0.6704,332.2343,0.0000,8.887674,2.666302,2.221918,0.666576
287197,FLOW,1,659.0000,359.0000,1152,4.00,0.6685,332.2343,0.0000,8.887674,2.666302,2.221918,0.666576
287197,FLOW,1,660.0000,360.0000,1156,4.00,0.6667,332.2343,0.0000,8.887674,2.666302,2.221918,0.666576
287197,FLOW,1,661.0000,361.0000,1157,4.00,0.6648,332.2343,0.0000,8.887674,2.666302,2.221918,0.666576
287197,FLOW,1,662.0000,362.0000,1161,4.00,0.6630,332.2343,0.0000,8.887674,2.666302,2.221918,0.666576
287197,FLOW,1,663.0000,363.0000,1161,4.00,0.6612,332.2343,0.0000,8.887674,2.666302,2.221918,0.666576
287197,FLOW,1,664.0000,364.0000,1165,4.00,0.6593,332.2343,0.0000,8.887674,2.666302,2.221918,0.666576
287197,FLOW,1,665.0000,365.0000,1165,4.00,0.6575,332.2343,0.0000,8.887674,2.666302,2.221918,0.666576
287197,FLOW,1,666.0000,366.0000,1167,4.00,0.6557,332.2343,0.0000,8.887674,2.666302,2.221918,0.666576
287197,FLOW,1,667.0000,367.0000,1167,4.00,0.6540,332.2343,0.0000,8.887674,2.666302,2.221918,0.666576
287197,FLOW,1,668.0000,368.0000,1171,4.00,0.6522,332.2343,0.0000,8.887674,2.666302,2.221918,0.666576
287197,FLOW,1,669.0000,369.0000,1171,4.00,0.6504,332.2343,0.0000,8.887674,2.666302,2.221918,0.666576
287197,FLOW,1,670.0000,370.0000,1175,4.00,0.6486,332.2343,0.0000,8.887674,2.666302,2.221918,0.666576
287197,FLOW,1,671.0000,371.0000,1175,4.00,0.6469,332.2343,0.0000,8.887674,2.666302,2.221918,0.666576
287197,FLOW,1,672.0000,372.0000,1179,5.00,0.8065,397.8400,0.0000,10.718021,3.215406,2.143604,0.643081
287197,FLOW,1,673.0000,373.0000,1179,5.00,0.8043,397.8400,0.0000,10.718021,3.215406,2.143604,0.643081
287197,FLOW,1,674.0000,374.0000,1183,5.00,0.8021,397.8400,0.0000,10.718021,3.215406,2.143604,0.643081
287197,FLOW,1,675.0000,375.0000,1182,5.00,0.8000,397.8400,0.0000,10.718021,3.215406,2.143604,0.643081
287197,FLOW,1,676.0000,376.0000,1186,5.00,0.7979,397.8400,0.0000,10.718021,3.215406,2.143604,0.643081
287197,FLOW,1,677.0000,377.0000,1186,5.00,0.7958,397.8400,0.0000,10.718021,3.215406,2.143604,0.643081
287197,FLOW,1,678.0000,378.0000,1190,5.00,0.7937,397.8400,0.0000,10.718021,3.215406,2.143604,0.643081
287197,FLOW,1,679.0000,379.0000,1190,5.00,0.7916,397.8400,0.0000,10.718021,3.215406,2.143604,0.643081
287197,FLOW,1,680.0000,380.0000,1194,5.00,0.7895,397.8400,0.0000,10.718021,3.215406,2.143604,0.643081
287197,FLOW,1,681.0000,381.0000,1194,6.00,0.9449,442.8935,0.0000,12.679104,3.803731,2.113184,0.633955
287197,FLOW,1,682.0000,382.0000,1198,6.00,0.9424,442.8935,0.0000,12.679104,3.803731,2.113184,0.633955
287197,FLOW,1,683.0000,383.0000,1198,6.00,0.9399,442.8935,0.0000,12.679104,3.803731,2.113184,0.633955
287197,FLOW,1,684.0000,384.0000,1201,6.00,0.9375,442.8935,0.0000,12.679104,3.803731,2.113184,0.633955
287197,FLOW,1,685.0000,385.0000,1201,6.00,0.9351,442.8935,0.0000,12.679104,3.803731,2.113184,0.633955
287197,FLOW,1,686.0000,386.0000,1200,6.00,0.9326,442.8935,0.0000,12.679104,3.803731,2.113184,0.633955
287197,FLOW,1,687.0000,387.0000,1200,6.00,0.9302,442.8935,0.0000,12.679104,3.803731,2.113184,0.633955
287197,FLOW,1,688.0000,388.0000,1200,6.00,0.9278,442.8935,0.0000,12.679104,3.803731,2.113184,0.633955
287197,FLOW,1,689.0000,389.0000,1200,6.00,0.9254,442.8935,0.0000,12.679104,3.803731,2.113184,0.633955
287197,FLOW,1,690.0000,390.0000,1200,6.00,0.9231,442.8935,0.0000,12.679104,3.803731,2.113184,0.633955
287197,FLOW,1,691.0000,391.0000,1200,7.00,1.0742,476.4866,0.0000,14.667851,4.400355,2.095407,0.628622
287197,FLOW,1,692.0000,392.0000,1200,7.00,1.0714,476.4866,0.0000,14.667851,4.400355,2.095407,0.628622
287197,FLOW,1,693.0000,393.0000,1200,7.00,1.0687,476.4866,0.0000,14.667851,4.400355,2.095407,0.628622
287197,FLOW,1,694.0000,394.0000,1200,7.00,1.0660,476.4866,0.0000,14.667851,4.400355,2.095407,0.628622
287197,FLOW,1,695.0000,395.0000,1221,7.00,1.0633,476.4866,0.0000,14.667851,4.400355,2.095407,0.628622
287197,FLOW,1,696.0000,396.0000,1224,7.00,1.0606,476.4866,0.0000,14.667851,4.400355,2.095407,0.628622
287197,FLOW,1,697.0000,397.0000,1225,7.00,1.0579,476.4866,0.0000,14.667851,4.400355,2.095407,0.628622
287197,FLOW,1,698.0000,398.0000,1229,7.00,1.0553,476.4866,0.0000,14.667851,4.400355,2.095407,0.628622
287197,FLOW,1,699.0000,399.0000,1229,7.00,1.0526,476.4866,0.0000,14.667851,4.400355,2.095407,0.628622
287197,FLOW,1,700.0000,400.0000,1233,8.00,1.2000,502.7014,0.0000,16.566717,4.970015,2.070840,0.621252
287197,FLOW,1,701.0000,401.0000,1233,8.00,1.1970,502.7014,0.0000,16.566717,4.970015,2.070840,0.621252
287197,FLOW,1,702.0000,402.0000,1237,8.00,1.1940,502.7014,0.0000,16.566717,4.970015,2.070840,0.621252
287197,FLOW,1,703.0000,403.0000,1237,8.00,1.1911,502.7014,0.0000,16.566717,4.970015,2.070840,0.621252
287197,FLOW,1,704.0000,404.0000,1241,8.00,1.1881,502.7014,0.0000,16.566717,4.970015,2.070840,0.621252
287197,FLOW,1,705.0000,405.0000,1241,8.00,1.1852,502.7014,0.0000,16.566717,4.970015,2.070840,0.621252
287197,FLOW,1,706.0000,406.0000,1244,8.00,1.1823,502.7014,0.0000,16.566717,4.970015,2.070840,0.621252
287197,FLOW,1,707.0000,407.0000,1244,8.00,1.1794,502.7014,0.0000,16.566717,4.970015,2.070840,0.621252
287197,FLOW,1,708.0000,408.0000,1248,8.00,1.1765,502.7014,0.0000,16.566717,4.970015,2.070840,0.621252
287197,FLOW,1,709.0000,409.0000,1247,8.00,1.1736,502.7014,0.0000,16.566717,4.970015,2.070840,0.621252
287197,FLOW,1,710.0000,410.0000,1251,9.00,1.3171,524.0976,0.0000,18.411024,5.523307,2.045669,0.613701
287197,FLOW,1,711.0000,411.0000,1251,9.00,1.3139,524.0976,0.0000,18.411024,5.523307,2.045669,0.613701
287197,FLOW,1,712.0000,412.0000,1255,9.00,1.3107,524.0976,0.0000,18.411024,5.523307,2.045669,0.613701
287197,FLOW,1,713.0000,413.0000,1255,9.00,1.3075,524.0976,0.0000,18.411024,5.523307,2.045669,0.613701
287197,FLOW,1,714.0000,414.0000,1259,9.00,1.3043,524.0976,0.0000,18.411024,5.523307,2.045669,0.613701
287197,FLOW,1,715.0000,415.0000,1259,9.00,1.3012,524.0976,0.0000,18.411024,5.523307,2.045669,0.613701
287197,FLOW,1,716.0000,416.0000,1263,9.00,1.2981,524.0976,0.0000,18.411024,5.523307,2.045669,0.613701
287197,FLOW,1,717.0000,417.0000,1263,9.00,1.2950,524.0976,0.0000,18.411024,5.523307,2.045669,0.613701
287197,FLOW,1,718.0000,418.0000,1267,9.00,1.2919,524.0976,0.0000,18.411024,5.523307,2.045669,0.613701
287197,FLOW,1,719.0000,419.0000,1267,10.00,1.4320,542.1555,0.0000,20.458725,6.137618,2.045873,0.613762
287197,FLOW,1,720.0000,420.0000,1271,10.00,1.4286,542.1555,0.0000,20.458725,6.137618,2.045873,0.613762
287197,FLOW,1,721.0000,421.0000,1271,10.00,1.4252,542.1555,0.0000,20.458725,6.137618,2.045873,0.613762
287197,FLOW,1,722.0000,422.0000,1275,10.00,1.4218,542.1555,0.0000,20.458725,6.137618,2.045873,0.613762
287197,FLOW,1,723.0000,423.0000,1275,10.00,1.4184,542.1555,0.0000,20.458725,6.137618,2.045873,0.613762
287197,FLOW,1,724.0000,424.0000,1278,10.00,1.4151,542.1555,0.0000,20.458725,6.137618,2.045873,0.613762
287197,FLOW,1,725.0000,425.0000,1278,10.00,1.4118,542.1555,0.0000,20.458725,6.137618,2.045873,0.613762
287197,FLOW,1,726.0000,426.0000,1278,10.00,1.4085,542.1555,0.0000,20.458725,6.137618,2.045873,0.613762
287197,FLOW,1,727.0000,427.0000,1276,10.00,1.4052,542.1555,0.0000,20.458725,6.137618,2.045873,0.613762
287197,FLOW,1,728.0000,428.0000,1276,11.00,1.5421,557.6277,0.0000,22.442628,6.732789,2.040239,0.612072
287197,FLOW,1,729.0000,429.0000,1276,11.00,1.5385,557.6277,0.0000,22.442628,6.732789,2.040239,0.612072
287197,FLOW,1,730.0000,430.0000,1276,11.00,1.5349,557.6277,0.0000,22.442628,6.732789,2.040239,0.612072
287197,FLOW,1,731.0000,431.0000,1276,11.00,1.5313,557.6277,0.0000,22.442628,6.732789,2.040239,0.612072
287197,FLOW,1,732.0000,432.0000,1276,11.00,1.5278,557.6277,0.0000,22.442628,6.732789,2.040239,0.612072
287197,FLOW,1,733.0000,433.0000,1276,11.00,1.5242,557.6277,0.0000,22.442628,6.732789,2.040239,0.612072
287197,FLOW,1,734.0000,434.0000,1276,11.00,1.5207,557.6277,0.0000,22.442628,6.732789,2.040239,0.612072
287197,FLOW,1,735.0000,435.0000,1298,11.00,1.5172,557.6277,0.0000,22.442628,6.732789,2.040239,0.612072
287197,FLOW,1,736.0000,436.0000,1301,11.00,1.5138,557.6277,0.0000,22.442628,6.732789,2.040239,0.612072
287197,FLOW,1,737.0000,437.0000,1301,12.00,1.6476,571.2817,0.0000,24.389558,7.316867,2.032463,0.609739
287197,FLOW,1,738.0000,438.0000,1305,12.00,1.6438,571.2817,0.0000,24.389558,7.316867,2.032463,0.609739
287197,FLOW,1,739.0000,439.0000,1305,12.00,1.6401,571.2817,0.0000,24.389558,7.316867,2.032463,0.609739
287197,FLOW,1,740.0000,440.0000,1309,12.00,1.6364,571.2817,0.0000,24.389558,7.316867,2.032463,0.609739
287197,FLOW,1,741.0000,441.0000,1309,12.00,1.6327,571.2817,0.0000,24.389558,7.316867,2.032463,0.609739
287197,FLOW,1,742.0000,442.0000,1313,12.00,1.6290,571.2817,0.0000,24.389558,7.316867,2.032463,0.609739
287197,FLOW,1,743.0000,443.0000,1313,12.00,1.6253,571.2817,0.0000,24.389558,7.316867,2.032463,0.609739
287197,FLOW,1,744.0000,444.0000,1317,12.00,1.6216,571.2817,0.0000,24.389558,7.316867,2.032463,0.609739
287197,FLOW,1,745.0000,445.0000,1316,12.00,1.6180,571.2817,0.0000,24.389558,7.316867,2.032463,0.609739
287197,FLOW,1,746.0000,446.0000,1319,12.00,1.6143,571.2817,0.0000,24.389558,7.316867,2.032463,0.609739
287197,FLOW,1,747.0000,447.0000,1319,13.00,1.7450,583.4571,0.0000,26.274109,7.882233,2.021085,0.606326
287197,FLOW,1,748.0000,448.0000,1323,13.00,1.7411,583.4571,0.0000,26.274109,7.882233,2.021085,0.606326
287197,FLOW,1,749.0000,449.0000,1323,13.00,1.7372,583.4571,0.0000,26.274109,7.882233,2.021085,0.606326
287197,FLOW,1,750.0000,450.0000,1327,13.00,1.7333,583.4571,0.0000,26.274109,7.882233,2.021085,0.606326
287197,FLOW,1,751.0000,451.0000,1327,13.00,1.7295,583.4571,0.0000,26.274109,7.882233,2.021085,0.606326
287197,FLOW,1,752.0000,452.0000,1331,13.00,1.7257,583.4571,0.0000,26.274109,7.882233,2.021085,0.606326
287197,FLOW,1,753.0000,453.0000,1331,13.00,1.7219,583.4571,0.0000,26.274109,7.882233,2.021085,0.606326
287197,FLOW,1,754.0000,454.0000,1335,13.00,1.7181,583.4571,0.0000,26.274109,7.882233,2.021085,0.606326
287197,FLOW,1,755.0000,455.0000,1335,13.00,1.7143,583.4571,0.0000,26.274109,7.882233,2.021085,0.606326
287197,FLOW,1,756.0000,456.0000,1339,13.00,1.7105,583.4571,0.0000,26.274109,7.882233,2.021085,0.606326
287197,FLOW,1,757.0000,457.0000,1338,13.00,1.7068,583.4571,0.0000,26.274109,7.882233,2.021085,0.606326
287197,FLOW,1,758.0000,458.0000,1342,14.00,1.8341,594.5816,0.0000,28.259065,8.477719,2.018505,0.605551
287197,FLOW,1,759.0000,459.0000,1342,14.00,1.8301,594.5816,0.0000,28.259065,8.477719,2.018505,0.605551
287197,FLOW,1,760.0000,460.0000,1346,14.00,1.8261,594.5816,0.0000,28.259065,8.477719,2.018505,0.605551
287197,FLOW,1,761.0000,461.0000,1346,14.00,1.8221,594.5816,0.0000,28.259065,8.477719,2.018505,0.605551
287197,FLOW,1,762.0000,462.0000,1350,14.00,1.8182,594.5816,0.0000,28.259065,8.477719,2.018505,0.605551
287197,FLOW,1,763.0000,463.0000,1350,14.00,1.8143,594.5816,0.0000,28.259065,8.477719,2.018505,0.605551
287197,FLOW,1,764.0000,464.0000,1353,14.00,1.8103,594.5816,0.0000,28.259065,8.477719,2.018505,0.605551
287197,FLOW,1,765.0000,465.0000,1353,14.00,1.8065,594.5816,0.0000,28.259065,8.477719,2.018505,0.605551
287197,FLOW,1,766.0000,466.0000,1353,14.00,1.8026,594.5816,0.0000,28.259065,8.477719,2.018505,0.605551
287197,FLOW,1,767.0000,467.0000,1352,14.00,1.7987,594.5816,0.0000,28.259065,8.477719,2.018505,0.605551
287197,FLOW,1,768.0000,468.0000,1352,14.00,1.7949,594.5816,0.0000,28.259065,8.477719,2.018505,0.605551
287197,FLOW,1,769.0000,469.0000,1352,15.00,1.9190,605.4168,0.0000,31.172963,9.351889,2.078198,0.623459
287197,FLOW,1,770.0000,470.0000,1352,15.00,1.9149,605.4168,0.0000,31.172963,9.351889,2.078198,0.623459
287197,FLOW,1,771.0000,471.0000,1352,15.00,1.9108,605.4168,0.0000,31.172963,9.351889,2.078198,0.623459
287197,FLOW,1,772.0000,472.0000,1352,15.00,1.9068,605.4168,0.0000,31.172963,9.351889,2.078198,0.623459
287197,FLOW,1,773.0000,473.0000,1352,15.00,1.9027,605.4168,0.0000,31.172963,9.351889,2.078198,0.623459
287197,FLOW,1,774.0000,474.0000,1352,15.00,1.8987,605.4168,0.0000,31.172963,9.351889,2.078198,0.623459
287197,FLOW,1,775.0000,475.0000,1373,15.00,1.8947,605.4168,0.0000,31.172963,9.351889,2.078198,0.623459
287197,FLOW,1,776.0000,476.0000,1377,15.00,1.8908,605.4168,0.0000,31.172963,9.351889,2.078198,0.623459
287197,FLOW,1,777.0000,477.0000,1376,15.00,1.8868,605.4168,0.0000,31.172963,9.351889,2.078198,0.623459
287197,FLOW,1,778.0000,478.0000,1380,15.00,1.8828,605.4168,0.0000,31.172963,9.351889,2.078198,0.623459
287197,FLOW,1,779.0000,479.0000,1380,16.00,2.0042,615.0932,0.0000,33.035839,9.910752,2.064740,0.619422
287197,FLOW,1,780.0000,480.0000,1384,16.00,2.0000,615.0932,0.0000,33.035839,9.910752,2.064740,0.619422
287197,FLOW,1,781.0000,481.0000,1384,16.00,1.9958,615.0932,0.0000,33.035839,9.910752,2.064740,0.619422
287197,FLOW,1,782.0000,482.0000,1388,16.00,1.9917,615.0932,0.0000,33.035839,9.910752,2.064740,0.619422
287197,FLOW,1,783.0000,483.0000,1388,16.00,1.9876,615.0932,0.0000,33.035839,9.910752,2.064740,0.619422
287197,FLOW,1,784.0000,484.0000,1392,16.00,1.9835,615.0932,0.0000,33.035839,9.910752,2.064740,0.619422
287197,FLOW,1,785.0000,485.0000,1392,16.00,1.9794,615.0932,0.0000,33.035839,9.910752,2.064740,0.619422
287197,FLOW,1,786.0000,486.0000,1396,16.00,1.9753,615.0932,0.0000,33.035839,9.910752,2.064740,0.619422
287197,FLOW,1,787.0000,487.0000,1395,17.00,2.0945,624.0855,0.0000,35.057740,10.517322,2.062220,0.618666
287197,FLOW,1,788.0000,488.0000,1399,17.00,2.0902,624.0855,0.0000,35.057740,10.517322,2.062220,0.618666
287197,FLOW,1,789.0000,489.0000,1399,17.00,2.0859,624.0855,0.0000,35.057740,10.517322,2.062220,0.618666
287197,FLOW,1,790.0000,490.0000,1403,17.00,2.0816,624.0855,0.0000,35.057740,10.517322,2.062220,0.618666
287197,FLOW,1,791.0000,491.0000,1403,17.00,2.0774,624.0855,0.0000,35.057740,10.517322,2.062220,0.618666
287197,FLOW,1,792.0000,492.0000,1407,17.00,2.0732,624.0855,0.0000,35.057740,10.517322,2.062220,0.618666
287197,FLOW,1,793.0000,493.0000,1407,17.00,2.0690,624.0855,0.0000,35.057740,10.517322,2.062220,0.618666
287197,FLOW,1,794.0000,494.0000,1411,17.00,2.0648,624.0855,0.0000,35.057740,10.517322,2.062220,0.618666
287197,FLOW,1,795.0000,495.0000,1411,17.00,2.0606,624.0855,0.0000,35.057740,10.517322,2.062220,0.618666
287197,FLOW,1,796.0000,496.0000,1415,17.00,2.0565,624.0855,0.0000,35.057740,10.517322,2.062220,0.618666
287197,FLOW,1,797.0000,497.0000,1415,17.00,2.0523,624.0855,0.0000,35.057740,10.517322,2.062220,0.618666
287197,FLOW,1,798.0000,498.0000,1419,18.00,2.1687,632.5859,0.0000,36.943048,11.082914,2.052392,0.615717
287197,FLOW,1,799.0000,499.0000,1419,18.00,2.1643,632.5859,0.0000,36.943048,11.082914,2.052392,0.615717
287197,FLOW,1,800.0000,500.0000,1423,18.00,2.1600,632.5859,0.0000,36.943048,11.082914,2.052392,0.615717
287197,FLOW,1,801.0000,501.0000,1423,18.00,2.1557,632.5859,0.0000,36.943048,11.082914,2.052392,0.615717
287197,FLOW,1,802.0000,502.0000,1427,18.00,2.1514,632.5859,0.0000,36.943048,11.082914,2.052392,0.615717
287197,FLOW,1,803.0000,503.0000,1427,18.00,2.1471,632.5859,0.0000,36.943048,11.082914,2.052392,0.615717
287197,FLOW,1,804.0000,504.0000,1430,18.00,2.1429,632.5859,0.0000,36.943048,11.082914,2.052392,0.615717
287197,FLOW,1,805.0000,505.0000,1430,18.00,2.1386,632.5859,0.0000,36.943048,11.082914,2.052392,0.615717
287197,FLOW,1,806.0000,506.0000,1430,18.00,2.1344,632.5859,0.0000,36.943048,11.082914,2.052392,0.615717
287197,FLOW,1,807.0000,507.0000,1431,19.00,2.2485,640.6390,0.0000,38.793051,11.637915,2.041740,0.612522
287197,FLOW,1,808.0000,508.0000,1431,19.00,2.2441,640.6390,0.0000,38.793051,11.637915,2.041740,0.612522
287197,FLOW,1,809.0000,509.0000,1431,19.00,2.2397,640.6390,0.0000,38.793051,11.637915,2.041740,0.612522
287197,FLOW,1,810.0000,510.0000,1431,19.00,2.2353,640.6390,0.0000,38.793051,11.637915,2.041740,0.612522
287197,FLOW,1,811.0000,511.0000,1431,19.00,2.2309,640.6390,0.0000,38.793051,11.637915,2.041740,0.612522
287197,FLOW,1,812.0000,512.0000,1431,19.00,2.2266,640.6390,0.0000,38.793051,11.637915,2.041740,0.612522
287197,FLOW,1,813.0000,513.0000,1431,19.00,2.2222,640.6390,0.0000,38.793051,11.637915,2.041740,0.612522
287197,FLOW,1,814.0000,514.0000,1431,19.00,2.2179,640.6390,0.0000,38.793051,11.637915,2.041740,0.612522
287197,FLOW,1,815.0000,515.0000,1452,19.00,2.2136,640.6390,0.0000,38.793051,11.637915,2.041740,0.612522
287197,FLOW,1,816.0000,516.0000,1456,19.00,2.2093,640.6390,0.0000,38.793051,11.637915,2.041740,0.612522
287197,FLOW,1,817.0000,517.0000,1455,19.00,2.2050,640.6390,0.0000,38.793051,11.637915,2.041740,0.612522
287197,FLOW,1,818.0000,518.0000,1459,20.00,2.3166,649.0216,0.0000,43.493232,13.047970,2.174662,0.652398
287197,FLOW,1,819.0000,519.0000,1459,20.00,2.3121,649.0216,0.0000,43.493232,13.047970,2.174662,0.652398
287197,FLOW,1,820.0000,520.0000,1463,20.00,2.3077,649.0216,0.0000,43.493232,13.047970,2.174662,0.652398
287197,FLOW,1,821.0000,521.0000,1463,20.00,2.3033,649.0216,0.0000,43.493232,13.047970,2.174662,0.652398
287197,FLOW,1,822.0000,522.0000,1467,20.00,2.2989,649.0216,0.0000,43.493232,13.047970,2.174662,0.652398
287197,FLOW,1,823.0000,523.0000,1467,20.00,2.2945,649.0216,0.0000,43.493232,13.047970,2.174662,0.652398
287197,FLOW,1,824.0000,524.0000,1471,20.00,2.2901,649.0216,0.0000,43.493232,13.047970,2.174662,0.652398
287197,FLOW,1,825.0000,525.0000,1471,20.00,2.2857,649.0216,0.0000,43.493232,13.047970,2.174662,0.652398
287197,FLOW,1,826.0000,526.0000,1475,20.00,2.2814,649.0216,0.0000,43.493232,13.047970,2.174662,0.652398
287197,FLOW,1,827.0000,527.0000,1475,20.00,2.2770,649.0216,0.0000,43.493232,13.047970,2.174662,0.652398
287197,FLOW,1,828.0000,528.0000,1479,20.00,2.2727,649.0216,0.0000,43.493232,13.047970,2.174662,0.652398
287197,FLOW,1,829.0000,529.0000,1479,21.00,2.3819,656.5014,0.0000,45.363894,13.609168,2.160185,0.648056
287197,FLOW,1,830.0000,530.0000,1483,21.00,2.3774,656.5014,0.0000,45.363894,13.609168,2.160185,0.648056
287197,FLOW,1,831.0000,531.0000,1483,21.00,2.3729,656.5014,0.0000,45.363894,13.609168,2.160185,0.648056
287197,FLOW,1,832.0000,532.0000,1487,21.00,2.3684,656.5014,0.0000,45.363894,13.609168,2.160185,0.648056
287197,FLOW,1,833.0000,533.0000,1486,21.00,2.3640,656.5014,0.0000,45.363894,13.609168,2.160185,0.648056
287197,FLOW,1,834.0000,534.0000,1490,21.00,2.3596,656.5014,0.0000,45.363894,13.609168,2.160185,0.648056
287197,FLOW,1,835.0000,535.0000,1490,21.00,2.3551,656.5014,0.0000,45.363894,13.609168,2.160185,0.648056
287197,FLOW,1,836.0000,536.0000,1494,21.00,2.3507,656.5014,0.0000,45.363894,13.609168,2.160185,0.648056
287197,FLOW,1,837.0000,537.0000,1494,21.00,2.3464,656.5014,0.0000,45.363894,13.609168,2.160185,0.648056
287197,FLOW,1,838.0000,538.0000,1498,22.00,2.4535,663.7334,0.0000,47.506854,14.252056,2.159402,0.647821
287197,FLOW,1,839.0000,539.0000,1498,22.00,2.4490,663.7334,0.0000,47.506854,14.252056,2.159402,0.647821
287197,FLOW,1,840.0000,540.0000,1502,22.00,2.4444,663.7334,0.0000,47.506854,14.252056,2.159402,0.647821
287197,FLOW,1,841.0000,541.0000,1502,22.00,2.4399,663.7334,0.0000,47.506854,14.252056,2.159402,0.647821
287197,FLOW,1,842.0000,542.0000,1506,22.00,2.4354,663.7334,0.0000,47.506854,14.252056,2.159402,0.647821
287197,FLOW,1,843.0000,543.0000,1505,22.00,2.4309,663.7334,0.0000,47.506854,14.252056,2.159402,0.647821
287197,FLOW,1,844.0000,544.0000,1508,22.00,2.4265,663.7334,0.0000,47.506854,14.252056,2.159402,0.647821
287197,FLOW,1,845.0000,545.0000,1508,22.00,2.4220,663.7334,0.0000,47.506854,14.252056,2.159402,0.647821
287197,FLOW,1,846.0000,546.0000,1508,22.00,2.4176,663.7334,0.0000,47.506854,14.252056,2.159402,0.647821
287197,FLOW,1,847.0000,547.0000,1508,22.00,2.4132,663.7334,0.0000,47.506854,14.252056,2.159402,0.647821
287197,FLOW,1,848.0000,548.0000,1508,23.00,2.5182,670.7225,0.0000,49.434899,14.830470,2.149343,0.644803
287197,FLOW,1,849.0000,549.0000,1508,23.00,2.5137,670.7225,0.0000,49.434899,14.830470,2.149343,0.644803
287197,FLOW,1,850.0000,550.0000,1508,23.00,2.5091,670.7225,0.0000,49.434899,14.830470,2.149343,0.644803
287197,FLOW,1,851.0000,551.0000,1508,23.00,2.5045,670.7225,0.0000,49.434899,14.830470,2.149343,0.644803
287197,FLOW,1,852.0000,552.0000,1508,23.00,2.5000,670.7225,0.0000,49.434899,14.830470,2.149343,0.644803
287197,FLOW,1,853.0000,553.0000,1508,23.00,2.4955,670.7225,0.0000,49.434899,14.830470,2.149343,0.644803
287197,FLOW,1,854.0000,554.0000,1507,23.00,2.4910,670.7225,0.0000,49.434899,14.830470,2.149343,0.644803
287197,FLOW,1,855.0000,555.0000,1528,23.00,2.4865,670.7225,0.0000,49.434899,14.830470,2.149343,0.644803
287197,FLOW,1,856.0000,556.0000,1532,23.00,2.4820,670.7225,0.0000,49.434899,14.830470,2.149343,0.644803
287197,FLOW,1,857.0000,557.0000,1532,23.00,2.4776,670.7225,0.0000,49.434899,14.830470,2.149343,0.644803
287197,FLOW,1,858.0000,558.0000,1536,23.00,2.4731,670.7225,0.0000,49.434899,14.830470,2.149343,0.644803
287197,FLOW,1,859.0000,559.0000,1536,24.00,2.5760,677.5821,0.0000,51.414509,15.424353,2.142271,0.642681
287197,FLOW,1,860.0000,560.0000,1540,24.00,2.5714,677.5821,0.0000,51.414509,15.424353,2.142271,0.642681
287197,FLOW,1,861.0000,561.0000,1540,24.00,2.5668,677.5821,0.0000,51.414509,15.424353,2.142271,0.642681
287197,FLOW,1,862.0000,562.0000,1544,24.00,2.5623,677.5821,0.0000,51.414509,15.424353,2.142271,0.642681
287197,FLOW,1,863.0000,563.0000,1544,24.00,2.5577,677.5821,0.0000,51.414509,15.424353,2.142271,0.642681
287197,FLOW,1,864.0000,564.0000,1547,24.00,2.5532,677.5821,0.0000,51.414509,15.424353,2.142271,0.642681
287197,FLOW,1,865.0000,565.0000,1547,24.00,2.5487,677.5821,0.0000,51.414509,15.424353,2.142271,0.642681
287197,FLOW,1,866.0000,566.0000,1551,24.00,2.5442,677.5821,0.0000,51.414509,15.424353,2.142271,0.642681
287197,FLOW,1,867.0000,567.0000,1551,24.00,2.5397,677.5821,0.0000,51.414509,15.424353,2.142271,0.642681
287197,FLOW,1,868.0000,568.0000,1555,25.00,2.6408,684.2160,0.1372,53.279748,15.983924,2.131190,0.639357
287197,FLOW,1,869.0000,569.0000,1555,25.00,2.6362,684.2160,0.1372,53.279748,15.983924,2.131190,0.639357
287197,FLOW,1,870.0000,570.0000,1559,25.00,2.6316,684.2160,0.1372,53.279748,15.983924,2.131190,0.639357
287197,FLOW,1,871.0000,571.0000,1559,25.00,2.6270,684.2160,0.1372,53.279748,15.983924,2.131190,0.639357
287197,FLOW,1,872.0000,572.0000,1563,25.00,2.6224,684.2160,0.1372,53.279748,15.983924,2.131190,0.639357
287197,FLOW,1,873.0000,573.0000,1563,25.00,2.6178,684.2160,0.1372,53.279748,15.983924,2.131190,0.639357
287197,FLOW,1,874.0000,574.0000,1566,25.00,2.6132,684.2160,0.1372,53.279748,15.983924,2.131190,0.639357
287197,FLOW,1,875.0000,575.0000,1566,25.00,2.6087,684.2160,0.1372,53.279748,15.983924,2.131190,0.639357
287197,FLOW,1,876.0000,576.0000,1570,25.00,2.6042,684.2160,0.1372,53.279748,15.983924,2.131190,0.639357
287197,FLOW,1,877.0000,577.0000,1570,25.00,2.5997,684.2160,0.1372,53.279748,15.983924,2.131190,0.639357
287197,FLOW,1,878.0000,578.0000,1574,26.00,2.6990,690.6742,0.5984,55.214688,16.564407,2.123642,0.637093
287197,FLOW,1,879.0000,579.0000,1574,26.00,2.6943,690.6742,0.5984,55.214688,16.564407,2.123642,0.637093
287197,FLOW,1,880.0000,580.0000,1578,26.00,2.6897,690.6742,0.5984,55.214688,16.564407,2.123642,0.637093
287197,FLOW,1,881.0000,581.0000,1579,26.00,2.6850,690.6742,0.5984,55.214688,16.564407,2.123642,0.637093
287197,FLOW,1,882.0000,582.0000,1583,26.00,2.6804,690.6742,0.5984,55.214688,16.564407,2.123642,0.637093
287197,FLOW,1,883.0000,583.0000,1583,26.00,2.6758,690.6742,0.5984,55.214688,16.564407,2.123642,0.637093
287197,FLOW,1,884.0000,584.0000,1585,26.00,2.6712,690.6742,0.5984,55.214688,16.564407,2.123642,0.637093
287197,FLOW,1,885.0000,585.0000,1585,26.00,2.6667,690.6742,0.5984,55.214688,16.564407,2.123642,0.637093
287197,FLOW,1,886.0000,586.0000,1585,26.00,2.6621,690.6742,0.5984,55.214688,16.564407,2.123642,0.637093
287197,FLOW,1,887.0000,587.0000,1585,26.00,2.6576,690.6742,0.5984,55.214688,16.564407,2.123642,0.637093
287197,FLOW,1,888.0000,588.0000,1585,26.00,2.6531,690.6742,0.5984,55.214688,16.564407,2.123642,0.637093
287197,FLOW,1,889.0000,589.0000,1585,27.00,2.7504,697.3989,1.7704,58.340375,17.502113,2.160755,0.648226
287197,FLOW,1,890.0000,590.0000,1584,27.00,2.7458,697.3989,1.7704,58.340375,17.502113,2.160755,0.648226
287197,FLOW,1,891.0000,591.0000,1585,27.00,2.7411,697.3989,1.7704,58.340375,17.502113,2.160755,0.648226
287197,FLOW,1,892.0000,592.0000,1585,27.00,2.7365,697.3989,1.7704,58.340375,17.502113,2.160755,0.648226
287197,FLOW,1,893.0000,593.0000,1585,27.00,2.7319,697.3989,1.7704,58.340375,17.502113,2.160755,0.648226
287197,FLOW,1,894.0000,594.0000,1585,27.00,2.7273,697.3989,1.7704,58.340375,17.502113,2.160755,0.648226
287197,FLOW,1,895.0000,595.0000,1605,27.00,2.7227,697.3989,1.7704,58.340375,17.502113,2.160755,0.648226
287197,FLOW,1,896.0000,596.0000,1609,27.00,2.7181,697.3989,1.7704,58.340375,17.502113,2.160755,0.648226
287197,FLOW,1,897.0000,597.0000,1609,28.00,2.8141,703.9437,3.1591,61.538141,18.461442,2.197791,0.659337
287197,FLOW,1,898.0000,598.0000,1613,28.00,2.8094,703.9437,3.1591,61.538141,18.461442,2.197791,0.659337
287197,FLOW,1,899.0000,599.0000,1613,28.00,2.8047,703.9437,3.1591,61.538141,18.461442,2.197791,0.659337
287197,FLOW,1,900.0000,600.0000,1616,28.00,2.8000,703.9437,3.1591,61.538141,18.461442,2.197791,0.659337
287197,FLOW,1,901.0000,601.0000,1617,28.00,2.7953,703.9437,3.1591,61.538141,18.461442,2.197791,0.659337
287197,FLOW,1,902.0000,602.0000,1621,28.00,2.7907,703.9437,3.1591,61.538141,18.461442,2.197791,0.659337
287197,FLOW,1,903.0000,603.0000,1621,28.00,2.7861,703.9437,3.1591,61.538141,18.461442,2.197791,0.659337
287197,FLOW,1,904.0000,604.0000,1624,28.00,2.7815,703.9437,3.1591,61.538141,18.461442,2.197791,0.659337
287197,FLOW,1,905.0000,605.0000,1624,28.00,2.7769,703.9437,3.1591,61.538141,18.461442,2.197791,0.659337
287197,FLOW,1,906.0000,606.0000,1628,28.00,2.7723,703.9437,3.1591,61.538141,18.461442,2.197791,0.659337
287197,FLOW,1,907.0000,607.0000,1628,29.00,2.8666,710.0261,4.4409,63.525922,19.057777,2.190549,0.657165
287197,FLOW,1,908.0000,608.0000,1632,29.00,2.8618,710.0261,4.4409,63.525922,19.057777,2.190549,0.657165
287197,FLOW,1,909.0000,609.0000,1632,29.00,2.8571,710.0261,4.4409,63.525922,19.057777,2.190549,0.657165
287197,FLOW,1,910.0000,610.0000,1636,29.00,2.8525,710.0261,4.4409,63.525922,19.057777,2.190549,0.657165
287197,FLOW,1,911.0000,611.0000,1635,29.00,2.8478,710.0261,4.4409,63.525922,19.057777,2.190549,0.657165
287197,FLOW,1,912.0000,612.0000,1639,29.00,2.8431,710.0261,4.4409,63.525922,19.057777,2.190549,0.657165
287197,FLOW,1,913.0000,613.0000,1638,29.00,2.8385,710.0261,4.4409,63.525922,19.057777,2.190549,0.657165
287197,FLOW,1,914.0000,614.0000,1642,29.00,2.8339,710.0261,4.4409,63.525922,19.057777,2.190549,0.657165
287197,FLOW,1,915.0000,615.0000,1642,29.00,2.8293,710.0261,4.4409,63.525922,19.057777,2.190549,0.657165
287197,FLOW,1,916.0000,616.0000,1646,29.00,2.8247,710.0261,4.4409,63.525922,19.057777,2.190549,0.657165
287197,FLOW,1,917.0000,617.0000,1646,29.00,2.8201,710.0261,4.4409,63.525922,19.057777,2.190549,0.657165
287197,FLOW,1,918.0000,618.0000,1650,30.00,2.9126,716.0580,5.9923,65.407648,19.622294,2.180255,0.654076
287197,FLOW,1,919.0000,619.0000,1650,30.00,2.9079,716.0580,5.9923,65.407648,19.622294,2.180255,0.654076
287197,FLOW,1,920.0000,620.0000,1654,30.00,2.9032,716.0580,5.9923,65.407648,19.622294,2.180255,0.654076
287197,FLOW,1,921.0000,621.0000,1655,30.00,2.8986,716.0580,5.9923,65.407648,19.622294,2.180255,0.654076
287197,FLOW,1,922.0000,622.0000,1659,30.00,2.8939,716.0580,5.9923,65.407648,19.622294,2.180255,0.654076
287197,FLOW,1,923.0000,623.0000,1659,30.00,2.8892,716.0580,5.9923,65.407648,19.622294,2.180255,0.654076
287197,FLOW,1,924.0000,624.0000,1661,30.00,2.8846,716.0580,5.9923,65.407648,19.622294,2.180255,0.654076
287197,FLOW,1,925.0000,625.0000,1661,30.00,2.8800,716.0580,5.9923,65.407648,19.622294,2.180255,0.654076
287197,FLOW,1,926.0000,626.0000,1661,30.00,2.8754,716.0580,5.9923,65.407648,19.622294,2.180255,0.654076
287197,FLOW,1,927.0000,627.0000,1661,30.00,2.8708,716.0580,5.9923,65.407648,19.622294,2.180255,0.654076
287197,FLOW,1,928.0000,628.0000,1661,30.00,2.8662,716.0580,5.9923,65.407648,19.622294,2.180255,0.654076
287197,FLOW,1,929.0000,629.0000,1661,31.00,2.9571,722.3527,8.0956,68.642728,20.592818,2.214282,0.664284
287197,FLOW,1,930.0000,630.0000,1660,31.00,2.9524,722.3527,8.0956,68.642728,20.592818,2.214282,0.664284
287197,FLOW,1,931.0000,631.0000,1660,31.00,2.9477,722.3527,8.0956,68.642728,20.592818,2.214282,0.664284
287197,FLOW,1,932.0000,632.0000,1660,31.00,2.9430,722.3527,8.0956,68.642728,20.592818,2.214282,0.664284
287197,FLOW,1,933.0000,633.0000,1660,31.00,2.9384,722.3527,8.0956,68.642728,20.592818,2.214282,0.664284
287197,FLOW,1,934.0000,634.0000,1659,31.00,2.9338,722.3527,8.0956,68.642728,20.592818,2.214282,0.664284
287197,FLOW,1,935.0000,635.0000,1680,31.00,2.9291,722.3527,8.0956,68.642728,20.592818,2.214282,0.664284
287197,FLOW,1,936.0000,636.0000,1684,31.00,2.9245,722.3527,8.0956,68.642728,20.592818,2.214282,0.664284
287197,FLOW,1,937.0000,637.0000,1684,31.00,2.9199,722.3527,8.0956,68.642728,20.592818,2.214282,0.664284
287197,FLOW,1,938.0000,638.0000,1688,31.00,2.9154,722.3527,8.0956,68.642728,20.592818,2.214282,0.664284
287197,FLOW,1,939.0000,639.0000,1688,32.00,3.0047,728.2501,10.0636,70.578804,21.173641,2.205588,0.661676
287197,FLOW,1,940.0000,640.0000,1692,32.00,3.0000,728.2501,10.0636,70.578804,21.173641,2.205588,0.661676
287197,FLOW,1,941.0000,641.0000,1692,32.00,2.9953,728.2501,10.0636,70.578804,21.173641,2.205588,0.661676
287197,FLOW,1,942.0000,642.0000,1696,32.00,2.9907,728.2501,10.0636,70.578804,21.173641,2.205588,0.661676
287197,FLOW,1,943.0000,643.0000,1696,32.00,2.9860,728.2501,10.0636,70.578804,21.173641,2.205588,0.661676
287197,FLOW,1,944.0000,644.0000,1700,32.00,2.9814,728.2501,10.0636,70.578804,21.173641,2.205588,0.661676
287197,FLOW,1,945.0000,645.0000,1699,32.00,2.9767,728.2501,10.0636,70.578804,21.173641,2.205588,0.661676
287197,FLOW,1,946.0000,646.0000,1703,32.00,2.9721,728.2501,10.0636,70.578804,21.173641,2.205588,0.661676
287197,FLOW,1,947.0000,647.0000,1703,32.00,2.9675,728.2501,10.0636,70.578804,21.173641,2.205588,0.661676
287197,FLOW,1,948.0000,648.0000,1707,32.00,2.9630,728.2501,10.0636,70.578804,21.173641,2.205588,0.661676
287197,FLOW,1,949.0000,649.0000,1707,33.00,3.0508,734.0611,12.1833,72.510815,21.753244,2.197297,0.659189
287197,FLOW,1,950.0000,650.0000,1711,33.00,3.0462,734.0611,12.1833,72.510815,21.753244,2.197297,0.659189
287197,FLOW,1,951.0000,651.0000,1711,33.00,3.0415,734.0611,12.1833,72.510815,21.753244,2.197297,0.659189
287197,FLOW,1,952.0000,652.0000,1715,33.00,3.0368,734.0611,12.1833,72.510815,21.753244,2.197297,0.659189
287197,FLOW,1,953.0000,653.0000,1715,33.00,3.0322,734.0611,12.1833,72.510815,21.753244,2.197297,0.659189
287197,FLOW,1,954.0000,654.0000,1718,33.00,3.0275,734.0611,12.1833,72.510815,21.753244,2.197297,0.659189
287197,FLOW,1,955.0000,655.0000,1718,33.00,3.0229,734.0611,12.1833,72.510815,21.753244,2.197297,0.659189
287197,FLOW,1,956.0000,656.0000,1722,33.00,3.0183,734.0611,12.1833,72.510815,21.753244,2.197297,0.659189
287197,FLOW,1,957.0000,657.0000,1722,33.00,3.0137,734.0611,12.1833,72.510815,21.753244,2.197297,0.659189
287197,FLOW,1,958.0000,658.0000,1726,33.00,3.0091,734.0611,12.1833,72.510815,21.753244,2.197297,0.659189
287197,FLOW,1,959.0000,659.0000,1726,34.00,3.0956,739.7990,14.4469,74.520708,22.356213,2.191786,0.657536
287197,FLOW,1,960.0000,660.0000,1730,34.00,3.0909,739.7990,14.4469,74.520708,22.356213,2.191786,0.657536
287197,FLOW,1,961.0000,661.0000,1730,34.00,3.0862,739.7990,14.4469,74.520708,22.356213,2.191786,0.657536
287197,FLOW,1,962.0000,662.0000,1734,34.00,3.0816,739.7990,14.4469,74.520708,22.356213,2.191786,0.657536
287197,FLOW,1,963.0000,663.0000,1734,34.00,3.0769,739.7990,14.4469,74.520708,22.356213,2.191786,0.657536
287197,FLOW,1,964.0000,664.0000,1736,34.00,3.0723,739.7990,14.4469,74.520708,22.356213,2.191786,0.657536
287197,FLOW,1,965.0000,665.0000,1736,34.00,3.0677,739.7990,14.4469,74.520708,22.356213,2.191786,0.657536
287197,FLOW,1,966.0000,666.0000,1736,34.00,3.0631,739.7990,14.4469,74.520708,22.356213,2.191786,0.657536
287197,FLOW,1,967.0000,667.0000,1736,34.00,3.0585,739.7990,14.4469,74.520708,22.356213,2.191786,0.657536
287197,FLOW,1,968.0000,668.0000,1736,35.00,3.1437,745.7652,17.1375,77.816332,23.344900,2.223324,0.666997
287197,FLOW,1,969.0000,669.0000,1736,35.00,3.1390,745.7652,17.1375,77.816332,23.344900,2.223324,0.666997
287197,FLOW,1,970.0000,670.0000,1736,35.00,3.1343,745.7652,17.1375,77.816332,23.344900,2.223324,0.666997
287197,FLOW,1,971.0000,671.0000,1736,35.00,3.1297,745.7652,17.1375,77.816332,23.344900,2.223324,0.666997
287197,FLOW,1,972.0000,672.0000,1736,35.00,3.1250,745.7652,17.1375,77.816332,23.344900,2.223324,0.666997
287197,FLOW,1,973.0000,673.0000,1736,35.00,3.1204,745.7652,17.1375,77.816332,23.344900,2.223324,0.666997
287197,FLOW,1,974.0000,674.0000,1736,35.00,3.1157,745.7652,17.1375,77.816332,23.344900,2.223324,0.666997
287197,FLOW,1,975.0000,675.0000,1757,35.00,3.1111,745.7652,17.1375,77.816332,23.344900,2.223324,0.666997
287197,FLOW,1,976.0000,676.0000,1761,35.00,3.1065,745.7652,17.1375,77.816332,23.344900,2.223324,0.666997
287197,FLOW,1,977.0000,677.0000,1761,36.00,3.1905,751.3659,19.6446,79.727295,23.918188,2.214647,0.664394
287197,FLOW,1,978.0000,678.0000,1765,36.00,3.1858,751.3659,19.6446,79.727295,23.918188,2.214647,0.664394
287197,FLOW,1,979.0000,679.0000,1765,36.00,3.1811,751.3659,19.6446,79.727295,23.918188,2.214647,0.664394
287197,FLOW,1,980.0000,680.0000,1769,36.00,3.1765,751.3659,19.6446,79.727295,23.918188,2.214647,0.664394
287197,FLOW,1,981.0000,681.0000,1769,36.00,3.1718,751.3659,19.6446,79.727295,23.918188,2.214647,0.664394
287197,FLOW,1,982.0000,682.0000,1773,36.00,3.1672,751.3659,19.6446,79.727295,23.918188,2.214647,0.664394
287197,FLOW,1,983.0000,683.0000,1772,36.00,3.1625,751.3659,19.6446,79.727295,23.918188,2.214647,0.664394
287197,FLOW,1,984.0000,684.0000,1775,36.00,3.1579,751.3659,19.6446,79.727295,23.918188,2.214647,0.664394
287197,FLOW,1,985.0000,685.0000,1775,36.00,3.1533,751.3659,19.6446,79.727295,23.918188,2.214647,0.664394
287197,FLOW,1,986.0000,686.0000,1779,37.00,3.2362,756.8965,22.2487,81.602550,24.480765,2.205474,0.661642
287197,FLOW,1,987.0000,687.0000,1779,37.00,3.2314,756.8965,22.2487,81.602550,24.480765,2.205474,0.661642
287197,FLOW,1,988.0000,688.0000,1783,37.00,3.2267,756.8965,22.2487,81.602550,24.480765,2.205474,0.661642
287197,FLOW,1,989.0000,689.0000,1783,37.00,3.2221,756.8965,22.2487,81.602550,24.480765,2.205474,0.661642
287197,FLOW,1,990.0000,690.0000,1787,37.00,3.2174,756.8965,22.2487,81.602550,24.480765,2.205474,0.661642
287197,FLOW,1,991.0000,691.0000,1787,37.00,3.2127,756.8965,22.2487,81.602550,24.480765,2.205474,0.661642
287197,FLOW,1,992.0000,692.0000,1791,37.00,3.2081,756.8965,22.2487,81.602550,24.480765,2.205474,0.661642
287197,FLOW,1,993.0000,693.0000,1790,37.00,3.2035,756.8965,22.2487,81.602550,24.480765,2.205474,0.661642
287197,FLOW,1,994.0000,694.0000,1794,37.00,3.1988,756.8965,22.2487,81.602550,24.480765,2.205474,0.661642
287197,FLOW,1,995.0000,695.0000,1793,38.00,3.2806,762.6302,25.2100,85.032875,25.509863,2.237707,0.671312
287197,FLOW,1,996.0000,696.0000,1797,38.00,3.2759,762.6302,25.2100,85.032875,25.509863,2.237707,0.671312
287197,FLOW,1,997.0000,697.0000,1797,38.00,3.2712,762.6302,25.2100,85.032875,25.509863,2.237707,0.671312
287197,FLOW,1,998.0000,698.0000,1801,38.00,3.2665,762.6302,25.2100,85.032875,25.509863,2.237707,0.671312
287197,FLOW,1,999.0000,699.0000,1801,38.00,3.2618,762.6302,25.2100,85.032875,25.509863,2.237707,0.671312
287197,FLOW,1,1000.0000,700.0000,1805,38.00,3.2571,762.6302,25.2100,85.032875,25.509863,2.237707,0.671312
287197,FLOW,1,1000.0000,700.0000,1805,38.00,3.2571,762.6302,25.2100,85.032875,25.509863,2.237707,0.671312
